CREATE DATABASE  IF NOT EXISTS `works_db` /*!40100 DEFAULT CHARACTER SET utf8mb4 COLLATE utf8mb4_0900_ai_ci */ /*!80016 DEFAULT ENCRYPTION='N' */;
USE `works_db`;
-- MySQL dump 10.13  Distrib 8.0.43, for Win64 (x86_64)
--
-- Host: localhost    Database: works_db
-- ------------------------------------------------------
-- Server version	8.0.42

/*!40101 SET @OLD_CHARACTER_SET_CLIENT=@@CHARACTER_SET_CLIENT */;
/*!40101 SET @OLD_CHARACTER_SET_RESULTS=@@CHARACTER_SET_RESULTS */;
/*!40101 SET @OLD_COLLATION_CONNECTION=@@COLLATION_CONNECTION */;
/*!50503 SET NAMES utf8 */;
/*!40103 SET @OLD_TIME_ZONE=@@TIME_ZONE */;
/*!40103 SET TIME_ZONE='+00:00' */;
/*!40014 SET @OLD_UNIQUE_CHECKS=@@UNIQUE_CHECKS, UNIQUE_CHECKS=0 */;
/*!40014 SET @OLD_FOREIGN_KEY_CHECKS=@@FOREIGN_KEY_CHECKS, FOREIGN_KEY_CHECKS=0 */;
/*!40101 SET @OLD_SQL_MODE=@@SQL_MODE, SQL_MODE='NO_AUTO_VALUE_ON_ZERO' */;
/*!40111 SET @OLD_SQL_NOTES=@@SQL_NOTES, SQL_NOTES=0 */;

--
-- Table structure for table `chat_messages`
--

DROP TABLE IF EXISTS `chat_messages`;
/*!40101 SET @saved_cs_client     = @@character_set_client */;
/*!50503 SET character_set_client = utf8mb4 */;
CREATE TABLE `chat_messages` (
  `id` bigint NOT NULL AUTO_INCREMENT,
  `created_at` datetime(6) DEFAULT NULL,
  `created_by` varchar(255) DEFAULT NULL,
  `modified_by` varchar(255) DEFAULT NULL,
  `updated_at` datetime(6) DEFAULT NULL,
  `content` text NOT NULL,
  `role` enum('ASSISTANT','USER') NOT NULL,
  `session_id` varchar(100) NOT NULL,
  `user_id` bigint NOT NULL,
  PRIMARY KEY (`id`),
  KEY `idx_user_session` (`user_id`,`session_id`),
  KEY `idx_created_at` (`created_at`),
  CONSTRAINT `FK6f0y4l43ihmgfswkgy9yrtjkh` FOREIGN KEY (`user_id`) REFERENCES `users` (`id`)
) ENGINE=InnoDB AUTO_INCREMENT=80 DEFAULT CHARSET=utf8mb4 COLLATE=utf8mb4_0900_ai_ci;
/*!40101 SET character_set_client = @saved_cs_client */;

--
-- Dumping data for table `chat_messages`
--

LOCK TABLES `chat_messages` WRITE;
/*!40000 ALTER TABLE `chat_messages` DISABLE KEYS */;
INSERT INTO `chat_messages` VALUES (17,'2025-11-06 07:45:51.281647','an01862698420@gmail.com','an01862698420@gmail.com','2025-11-06 07:45:51.281647','tôi tên là gì','USER','811a5f7a-33cf-43b2-8fde-d9a0da1e6de4',28),(18,'2025-11-06 07:45:52.376895','an01862698420@gmail.com','an01862698420@gmail.com','2025-11-06 07:45:52.376895','Tôi không biết tên của bạn. Tôi là một mô hình ngôn ngữ lớn, tôi không có trí nhớ về các cuộc trò chuyện trước đây.\n','ASSISTANT','811a5f7a-33cf-43b2-8fde-d9a0da1e6de4',28),(19,'2025-11-06 07:46:02.408660','an01862698420@gmail.com','an01862698420@gmail.com','2025-11-06 07:46:02.408660','tôi là ai','USER','782f5fc7-e6ff-4da7-a923-e8929fe6ddb8',28),(20,'2025-11-06 07:46:03.227334','an01862698420@gmail.com','an01862698420@gmail.com','2025-11-06 07:46:03.227334','Tôi là một mô hình ngôn ngữ lớn, được Google huấn luyện.\n','ASSISTANT','782f5fc7-e6ff-4da7-a923-e8929fe6ddb8',28),(21,'2025-11-06 07:46:36.454849','an01862698420@gmail.com','an01862698420@gmail.com','2025-11-06 07:46:36.454849','solid là gì','USER','811a5f7a-33cf-43b2-8fde-d9a0da1e6de4',28),(22,'2025-11-06 07:46:46.757457','an01862698420@gmail.com','an01862698420@gmail.com','2025-11-06 07:46:46.757457','SOLID là một tập hợp các nguyên tắc thiết kế hướng đối tượng, được sử dụng để giúp các nhà phát triển viết mã dễ hiểu, linh hoạt và bảo trì hơn. Các nguyên tắc này được giới thiệu bởi Robert C. Martin (Uncle Bob).\n\nCác chữ cái trong SOLID đại diện cho năm nguyên tắc sau:\n\n*   **S**ingle Responsibility Principle (Nguyên tắc trách nhiệm duy nhất): Một lớp chỉ nên có một lý do để thay đổi.\n*   **O**pen/Closed Principle (Nguyên tắc đóng mở): Các thực thể phần mềm (lớp, module, hàm) nên mở để mở rộng, nhưng đóng để sửa đổi.\n*   **L**iskov Substitution Principle (Nguyên tắc thay thế Liskov): Các lớp con phải có khả năng thay thế các lớp cha mà không làm thay đổi tính đúng đắn của chương trình.\n*   **I**nterface Segregation Principle (Nguyên tắc phân tách interface): Không nên ép buộc một lớp phải phụ thuộc vào các phương thức mà nó không sử dụng.\n*   **D**ependency Inversion Principle (Nguyên tắc đảo ngược phụ thuộc): Các module cấp cao không nên phụ thuộc vào các module cấp thấp. Cả hai nên phụ thuộc vào các abstraction. Abstraction không nên phụ thuộc vào các chi tiết. Chi tiết nên phụ thuộc vào các abstraction.\n\n**Giải thích chi tiết hơn về từng nguyên tắc:**\n\n*   **Single Responsibility Principle (SRP):**  Một lớp chỉ nên chịu trách nhiệm cho một khía cạnh duy nhất của chức năng phần mềm. Điều này giúp lớp dễ hiểu, dễ kiểm tra và dễ bảo trì hơn. Ví dụ: một lớp `User` nên chỉ chịu trách nhiệm quản lý thông tin người dùng, không nên bao gồm cả logic để gửi email thông báo. Nếu cần gửi email, nên có một lớp `EmailService` riêng biệt.\n\n*   **Open/Closed Principle (OCP):**  Một lớp nên mở để mở rộng chức năng mới mà không cần sửa đổi mã nguồn hiện có. Điều này thường được thực hiện bằng cách sử dụng inheritance (kế thừa) hoặc composition (tổng hợp). Ví dụ: nếu bạn có một lớp `DiscountCalculator` để tính chiết khấu, bạn có thể mở rộng nó bằng cách tạo các lớp con cho các loại chiết khấu khác nhau (ví dụ: `PercentageDiscountCalculator`, `FixedAmountDiscountCalculator`) mà không cần sửa đổi lớp `DiscountCalculator` gốc.\n\n*   **Liskov Substitution Principle (LSP):**  Nếu bạn có một lớp cha (ví dụ: `Bird`) và một lớp con (ví dụ: `Duck`), bạn phải có thể sử dụng một đối tượng của lớp con (ví dụ: `Duck`) ở bất kỳ nơi nào mà bạn mong đợi một đối tượng của lớp cha (ví dụ: `Bird`) mà không làm hỏng chương trình. Ví dụ: nếu bạn có một hàm nhận một `Bird` và gọi phương thức `fly()`, thì khi bạn truyền một `Duck` vào hàm đó, nó vẫn phải hoạt động bình thường. Nếu bạn có một lớp `Penguin` kế thừa từ `Bird` nhưng không thể bay, thì bạn đã vi phạm LSP.\n\n*   **Interface Segregation Principle (ISP):**  Không nên ép buộc một lớp phải implement các phương thức mà nó không sử dụng. Thay vào đó, nên chia các interface lớn thành các interface nhỏ hơn, cụ thể hơn. Ví dụ: nếu bạn có một interface `Worker` với các phương thức `work()` và `eat()`, và bạn có một lớp `Robot` không cần ăn, thì bạn không nên ép buộc `Robot` phải implement phương thức `eat()`. Thay vào đó, bạn có thể chia `Worker` thành hai interface: `Workable` (chỉ có `work()`) và `Eatable` (chỉ có `eat()`).\n\n*   **Dependency Inversion Principle (DIP):**  Các module cấp cao không nên phụ thuộc trực tiếp vào các module cấp thấp. Thay vào đó, cả hai nên phụ thuộc vào các abstraction (interface hoặc lớp trừu tượng). Điều này giúp giảm sự phụ thuộc giữa các module và làm cho code dễ thay đổi và tái sử dụng hơn. Ví dụ: thay vì một lớp `UserController` phụ thuộc trực tiếp vào một lớp `Database`, nó nên phụ thuộc vào một interface `UserRepository`. Sau đó, bạn có thể dễ dàng thay thế `Database` bằng một implementation khác của `UserRepository` (ví dụ: `MockUserRepository` cho testing) mà không cần sửa đổi `UserController`.\n\n**Tại sao SOLID lại quan trọng?**\n\n*   **Tính bảo trì:**  Mã SOLID dễ bảo trì hơn vì nó được cấu trúc tốt, dễ hiểu và dễ thay đổi.\n*   **Tính tái sử dụng:**  Các lớp SOLID có tính tái sử dụng cao hơn vì chúng được thiết kế để thực hiện một chức năng duy nhất và không phụ thuộc quá nhiều vào các phần khác của hệ thống.\n*   **Tính linh hoạt:**  Mã SOLID linh hoạt hơn vì nó dễ dàng mở rộng và sửa đổi để đáp ứng các yêu cầu mới.\n*   **Tính kiểm thử:**  Các lớp SOLID dễ kiểm tra hơn vì chúng được thiết kế để thực hiện một chức năng duy nhất và có ít sự phụ thuộc hơn.\n*   **Giảm thiểu lỗi:**  Khi code tuân thủ các nguyên tắc SOLID, nó thường ít mắc lỗi hơn.\n\n**Tóm lại:**\n\nSOLID là một tập hợp các nguyên tắc thiết kế quan trọng giúp bạn viết mã tốt hơn. Bằng cách tuân theo các nguyên tắc này, bạn có thể tạo ra các ứng dụng dễ bảo trì, linh hoạt, tái sử dụng và kiểm tra hơn. Tuy nhiên, hãy nhớ rằng SOLID không phải là một giải pháp \"một kích cỡ phù hợp với tất cả\". Bạn nên áp dụng các nguyên tắc này một cách linh hoạt và phù hợp với ngữ cảnh cụ thể của dự án của bạn.\n','ASSISTANT','811a5f7a-33cf-43b2-8fde-d9a0da1e6de4',28),(23,'2025-11-06 07:49:15.066182','an01862698420@gmail.com','an01862698420@gmail.com','2025-11-06 07:49:15.066182','java là gì','USER','adea0eed-7f66-4140-bb36-67b23e42d231',28),(24,'2025-11-06 07:49:20.743828','an01862698420@gmail.com','an01862698420@gmail.com','2025-11-06 07:49:20.743828','Java là một ngôn ngữ lập trình hướng đối tượng, được phát triển bởi James Gosling tại Sun Microsystems (sau này được Oracle mua lại) vào năm 1995. Java nổi tiếng với tính di động cao (\"Write Once, Run Anywhere\" - WORA), có nghĩa là code Java có thể chạy trên nhiều nền tảng khác nhau (Windows, macOS, Linux, Android...) mà không cần phải biên dịch lại.\n\n**Dưới đây là một số đặc điểm và ưu điểm nổi bật của Java:**\n\n*   **Hướng đối tượng (Object-Oriented):** Java dựa trên các khái niệm về lớp (class), đối tượng (object), kế thừa (inheritance), đa hình (polymorphism), và đóng gói (encapsulation). Điều này giúp tổ chức code một cách logic và dễ bảo trì.\n*   **Độc lập nền tảng (Platform Independent):** Nhờ vào Java Virtual Machine (JVM), code Java được biên dịch thành bytecode, và bytecode này có thể chạy trên bất kỳ hệ điều hành nào có cài đặt JVM.\n*   **Mạnh mẽ và an toàn (Robust and Secure):** Java có cơ chế quản lý bộ nhớ tự động (garbage collection), giúp ngăn ngừa lỗi rò rỉ bộ nhớ. Ngoài ra, Java cũng có các tính năng bảo mật tích hợp, giúp bảo vệ hệ thống khỏi các cuộc tấn công.\n*   **Đa luồng (Multithreaded):** Java hỗ trợ lập trình đa luồng, cho phép thực hiện nhiều tác vụ đồng thời, giúp cải thiện hiệu suất của ứng dụng.\n*   **Đa năng (Versatile):** Java được sử dụng rộng rãi trong nhiều lĩnh vực khác nhau, bao gồm phát triển ứng dụng web (Spring, Java EE), ứng dụng di động (Android), ứng dụng desktop, ứng dụng doanh nghiệp, và nhiều hơn nữa.\n*   **Cộng đồng lớn và hỗ trợ tốt (Large Community and Support):** Java có một cộng đồng lập trình viên lớn mạnh và nhiều tài liệu, thư viện, và framework hỗ trợ.\n\n**Ví dụ đơn giản về code Java:**\n\n```java\npublic class HelloWorld {\n    public static void main(String[] args) {\n        System.out.println(\"Hello, World!\");\n    }\n}\n```\n\n**Giải thích:**\n\n*   `public class HelloWorld`:  Định nghĩa một lớp (class) có tên là `HelloWorld`.  Trong Java, mọi code đều phải nằm trong một lớp.\n*   `public static void main(String[] args)`:  Đây là phương thức `main`, điểm khởi đầu của chương trình Java.\n*   `System.out.println(\"Hello, World!\");`:  Dòng code này in ra dòng chữ \"Hello, World!\" ra màn hình console.\n\n**Tóm lại, Java là một ngôn ngữ lập trình mạnh mẽ, linh hoạt và được sử dụng rộng rãi trong nhiều lĩnh vực khác nhau.  Tính di động, an toàn và khả năng đa luồng là những ưu điểm nổi bật của Java.**\n','ASSISTANT','adea0eed-7f66-4140-bb36-67b23e42d231',28),(37,'2025-11-25 14:57:09.620134','an0862698420@gmail.com','an0862698420@gmail.com','2025-11-25 14:57:09.620134','java là gfi','USER','bd269b2b-147d-4624-82db-289f6f697a92',31),(38,'2025-11-25 14:57:12.936617','an0862698420@gmail.com','an0862698420@gmail.com','2025-11-25 14:57:12.936617','Có vẻ như bạn đang hỏi về \"Java là GFI\" phải không? Tuy nhiên, \"GFI\" không phải là một thuật ngữ hoặc khái niệm phổ biến liên quan trực tiếp đến Java.\n\nCó thể bạn đang muốn hỏi về một trong những điều sau:\n\n*   **GFI Software:** Đây là một công ty phần mềm chuyên về các giải pháp bảo mật và quản lý mạng. Có thể bạn đang thắc mắc liệu Java có liên quan đến các sản phẩm của GFI hay không.\n*   **Một thuật ngữ kỹ thuật viết tắt là GFI:** Có thể \"GFI\" là viết tắt của một thuật ngữ kỹ thuật nào đó mà bạn muốn biết về mối liên quan của nó với Java.\n*   **Bạn viết sai chính tả:** Có thể bạn muốn hỏi về một khái niệm khác liên quan đến Java, nhưng đã viết sai chính tả.\n\nĐể tôi có thể trả lời chính xác hơn, vui lòng cung cấp thêm thông tin chi tiết về ý bạn khi nói \"Java là GFI\". Ví dụ:\n\n*   Bạn đã thấy cụm từ \"Java là GFI\" ở đâu?\n*   Bạn đang tìm hiểu về vấn đề gì liên quan đến Java?\n*   Bạn có thể cung cấp thêm ngữ cảnh cho câu hỏi của mình không?\n\nKhi bạn cung cấp thêm thông tin, tôi sẽ cố gắng hết sức để giải đáp thắc mắc của bạn.\n','ASSISTANT','bd269b2b-147d-4624-82db-289f6f697a92',31),(76,'2025-12-16 10:28:06.013581','admin@gmail.com','admin@gmail.com','2025-12-16 10:28:06.013581','tôi là ai','USER','86603e99-c3aa-4a80-b220-8b3451857410',7),(77,'2025-12-16 10:28:10.229829','admin@gmail.com','admin@gmail.com','2025-12-16 10:28:10.229829','Bạn hỏi \"tôi là ai\"?\n\nLà một công cụ AI, tôi không có thông tin cá nhân về bạn. Tôi không thể biết tên, tuổi, nghề nghiệp hay bất kỳ chi tiết riêng tư nào của bạn.\n\nTôi chỉ là một chương trình máy tính được thiết kế để xử lý ngôn ngữ và cung cấp thông tin, hỗ trợ bạn dựa trên những gì bạn nhập vào.\n\nNếu bạn đang muốn tìm hiểu về một khía cạnh nào đó của bản thân hoặc có ý nghĩa khác khi hỏi câu này, hãy cho tôi biết thêm nhé!','ASSISTANT','86603e99-c3aa-4a80-b220-8b3451857410',7),(78,'2025-12-16 10:28:15.131262','admin@gmail.com','admin@gmail.com','2025-12-16 10:28:15.131262','oop là gì','USER','86603e99-c3aa-4a80-b220-8b3451857410',7),(79,'2025-12-16 10:28:31.597455','admin@gmail.com','admin@gmail.com','2025-12-16 10:28:31.597455','OOP là viết tắt của **Object-Oriented Programming**, hay còn gọi là **Lập trình hướng đối tượng**.\n\nĐây là một phương pháp lập trình phổ biến, tổ chức phần mềm dựa trên các \"đối tượng\" (objects) thay vì chỉ tập trung vào các hàm hay logic. Mục tiêu chính là mô hình hóa các thực thể trong thế giới thực thành các đối tượng trong chương trình, giúp mã nguồn trở nên có cấu trúc, dễ quản lý và mở rộng hơn.\n\n### Khái niệm cốt lõi: Đối tượng (Object)\n\nTrong OOP, mọi thứ được coi là một **đối tượng**. Một đối tượng là sự kết hợp của:\n*   **Dữ liệu (Data)**: Còn gọi là **thuộc tính (attributes)** hoặc **trạng thái (state)**. Đây là những đặc điểm mô tả đối tượng.\n*   **Hành vi (Behavior)**: Còn gọi là **phương thức (methods)**. Đây là những hành động mà đối tượng có thể thực hiện.\n\n**Ví dụ:** Hãy tưởng tượng một chiếc **\"Xe Hơi\"** là một đối tượng.\n*   **Thuộc tính:** Màu sắc, hãng sản xuất, tốc độ hiện tại, số bánh, dung tích bình xăng.\n*   **Phương thức:** Chạy, dừng, tăng tốc, bẻ lái, đổ xăng.\n\n### 4 Trụ cột chính của OOP\n\nOOP được xây dựng dựa trên 4 nguyên lý cơ bản:\n\n1.  **Tính Đóng Gói (Encapsulation):**\n    *   **Ý nghĩa:** Gói gọn dữ liệu (thuộc tính) và các phương thức xử lý dữ liệu đó vào một đơn vị duy nhất (đối tượng). Nó cũng ẩn đi các chi tiết triển khai bên trong của đối tượng, chỉ cho phép truy cập thông qua các giao diện công khai (public methods).\n    *   **Lợi ích:** Bảo vệ dữ liệu khỏi sự truy cập và thay đổi trái phép từ bên ngoài, dễ dàng quản lý và bảo trì mã.\n\n2.  **Tính Kế Thừa (Inheritance):**\n    *   **Ý nghĩa:** Cho phép một lớp (class) mới (lớp con/subclass) kế thừa các thuộc tính và phương thức từ một lớp đã có (lớp cha/superclass). Lớp con có thể mở rộng hoặc ghi đè (override) các hành vi của lớp cha.\n    *   **Lợi ích:** Tái sử dụng mã, giảm trùng lặp, tạo ra một cấu trúc phân cấp rõ ràng.\n    *   **Ví dụ:** Lớp \"Xe Tải\" và \"Xe Con\" có thể kế thừa từ lớp \"Xe Hơi\", do đó chúng sẽ có chung các thuộc tính và phương thức cơ bản của Xe Hơi mà không cần phải viết lại.\n\n3.  **Tính Đa Hình (Polymorphism):**\n    *   **Ý nghĩa:** Khả năng một đối tượng có thể mang nhiều hình thái khác nhau, hoặc một phương thức có thể thực hiện các hành vi khác nhau tùy thuộc vào đối tượng gọi nó.\n    *   **Lợi ích:** Giúp mã linh hoạt và dễ mở rộng hơn, cho phép viết mã tổng quát hơn.\n    *   **Ví dụ:** Nếu cả \"Xe Tải\" và \"Xe Con\" đều có phương thức `chạy()`, thì cách chúng \"chạy\" (triển khai bên trong) có thể khác nhau (ví dụ: Xe Tải chạy chậm hơn, tiêu thụ nhiên liệu khác). Nhưng khi bạn gọi `xe.chay()`, chương trình sẽ tự động biết gọi phương thức `chạy()` phù hợp với loại xe cụ thể.\n\n4.  **Tính Trừu Tượng (Abstraction):**\n    *   **Ý nghĩa:** Tập trung vào những gì cần thiết và bỏ qua những chi tiết không quan trọng. Nó cung cấp một cái nhìn đơn giản về một hệ thống phức tạp bằng cách chỉ hiển thị các chức năng cốt lõi và ẩn đi sự phức tạp bên trong.\n    *   **Lợi ích:** Giảm độ phức tạp của hệ thống, giúp người dùng (hoặc các phần khác của chương trình) dễ dàng tương tác hơn.\n    *   **Ví dụ:** Khi bạn lái xe, bạn chỉ cần biết cách sử dụng vô lăng, bàn đạp ga, phanh mà không cần phải hiểu chi tiết cách động cơ hoạt động hay hệ thống phanh làm việc.\n\n### Lợi ích của OOP\n\n*   **Tái sử dụng mã (Code Reusability):** Nhờ tính kế thừa.\n*   **Dễ dàng bảo trì và mở rộng (Maintainability & Scalability):** Cấu trúc rõ ràng giúp việc sửa lỗi và thêm tính năng mới dễ dàng hơn.\n*   **Giúp tổ chức mã nguồn rõ ràng, dễ hiểu (Better Organization):** Mã được chia thành các đối tượng độc lập.\n*   **Giảm thiểu sự trùng lặp (Reduced Duplication):** Nhờ kế thừa và đóng gói.\n*   **Bảo mật dữ liệu tốt hơn (Data Security):** Nhờ tính đóng gói.\n\n### Các ngôn ngữ hỗ trợ OOP\n\nRất nhiều ngôn ngữ lập trình hiện đại hỗ trợ OOP, ví dụ như:\n*   Java\n*   C++\n*   Python\n*   C#\n*   PHP\n*   Ruby\n*   Swift\n*   JavaScript (hỗ trợ OOP dựa trên prototype và class từ ES6)\n\nTóm lại, OOP là một cách tiếp cận mạnh mẽ giúp chúng ta xây dựng phần mềm một cách có tổ chức, dễ quản lý và mở rộng bằng cách mô hình hóa các thực thể trong thế giới thực thành các đối tượng với dữ liệu và hành vi riêng biệt.','ASSISTANT','86603e99-c3aa-4a80-b220-8b3451857410',7);
/*!40000 ALTER TABLE `chat_messages` ENABLE KEYS */;
UNLOCK TABLES;

--
-- Table structure for table `companies`
--

DROP TABLE IF EXISTS `companies`;
/*!40101 SET @saved_cs_client     = @@character_set_client */;
/*!50503 SET character_set_client = utf8mb4 */;
CREATE TABLE `companies` (
  `id` bigint NOT NULL AUTO_INCREMENT,
  `created_at` datetime(6) DEFAULT NULL,
  `created_by` varchar(255) DEFAULT NULL,
  `modified_by` varchar(255) DEFAULT NULL,
  `updated_at` datetime(6) DEFAULT NULL,
  `address` varchar(255) DEFAULT NULL,
  `description` mediumtext,
  `name` varchar(255) DEFAULT NULL,
  `owner_id` bigint DEFAULT NULL,
  PRIMARY KEY (`id`),
  UNIQUE KEY `UK2xrywqtkk3tty82u66fs3s7gm` (`owner_id`),
  CONSTRAINT `FKikhsc7na5r394c8jghny8b6t4` FOREIGN KEY (`owner_id`) REFERENCES `users` (`id`)
) ENGINE=InnoDB AUTO_INCREMENT=89 DEFAULT CHARSET=utf8mb4 COLLATE=utf8mb4_0900_ai_ci;
/*!40101 SET character_set_client = @saved_cs_client */;

--
-- Dumping data for table `companies`
--

LOCK TABLES `companies` WRITE;
/*!40000 ALTER TABLE `companies` DISABLE KEYS */;
INSERT INTO `companies` VALUES (1,'2025-10-21 20:42:38.000000','system/admin','admin@gmail.com','2025-11-12 01:16:25.060515','Mountain View, California, USA','<p>Tập đoàn công nghệ hàng đầu thế giới về tìm kiếm, AI và Cloud Computing.</p>','Google (Alphabet Inc.)',NULL),(2,'2025-10-21 20:42:38.000000','system/admin','admin@gmail.com','2025-11-12 01:16:51.202669','Redmond, Washington, USA','<p>Chuyên về phần mềm, hệ điều hành (Windows) và dịch vụ Cloud (Azure).</p>','Microsoft',NULL),(3,'2025-10-21 20:42:38.000000','system/admin','admin@gmail.com','2025-11-12 01:17:10.239661','Cupertino, California, USA','<p>Thiết kế, phát triển và bán các sản phẩm điện tử tiêu dùng, phần mềm và dịch vụ trực tuyến.</p>','Apple Inc.',NULL),(4,'2025-10-21 20:42:38.000000','system/admin','admin@gmail.com','2025-11-12 01:17:48.301749','Seattle, Washington, USA','<p>Tập đoàn thương mại điện tử lớn nhất và là nhà cung cấp Cloud hàng đầu (AWS).</p>','Amazon.com',NULL),(5,'2025-10-21 20:42:38.000000','system/admin','admin@gmail.com','2025-11-12 01:18:11.433905','Suwon, Gyeonggi, Hàn Quốc','<p>Tập đoàn điện tử đa quốc gia, dẫn đầu về sản xuất thiết bị và bán dẫn.</p>','Samsung',NULL),(6,'2025-10-21 20:42:38.000000','system/admin','admin@gmail.com','2025-11-12 01:18:37.425199','Armonk, New York, USA','<p>Tập đoàn lâu đời chuyên về dịch vụ điện toán, phần mềm doanh nghiệp và công nghệ AI.</p>','IBM',NULL),(7,'2025-10-21 20:42:38.000000','system/admin','admin@gmail.com','2025-11-12 01:19:00.378117','Santa Clara, California, USA','<p>Nhà sản xuất chip bán dẫn và bộ vi xử lý hàng đầu thế giới.</p>','Intel',NULL),(8,'2025-10-21 20:42:38.000000','system/admin','admin@gmail.com','2025-11-12 01:19:20.560569','Tokyo, Nhật Bản','<p>Chuyên về điện tử tiêu dùng, giải trí và sản xuất thiết bị công nghệ.</p>','Sony',NULL),(9,'2025-10-21 20:42:38.000000','system/admin','admin@gmail.com','2025-11-12 01:20:02.898278','Stuttgart, Đức (có trung tâm phát triển tại VN)','<p>Cung cấp giải pháp Mobility, IoT và phần mềm nhúng.</p>','Bosch Global Software Technologies',NULL),(10,'2025-10-21 20:42:38.000000','system/admin','admin@gmail.com','2025-11-12 01:20:24.200463','Round Rock, Texas, USA','<p>Chuyên cung cấp phần cứng máy tính và giải pháp IT cho doanh nghiệp.</p>','Dell Technologies',NULL),(11,'2025-10-21 20:42:38.000000','system/admin','admin@gmail.com','2025-11-12 01:20:47.823180','Hà Nội, Việt Nam (Nhiều chi nhánh toàn cầu)','<p>Tập đoàn công nghệ hàng đầu Việt Nam, chuyên về gia công phần mềm và chuyển đổi số.</p>','FPT Software',NULL),(12,'2025-10-21 20:42:38.000000','system/admin','admin@gmail.com','2025-11-12 01:21:16.906550','Hà Nội, Việt Nam','<p>Tập đoàn Viễn thông và Công nghiệp Quân đội, cung cấp giải pháp số và an ninh mạng.</p>','Viettel Group',NULL),(13,'2025-10-21 20:42:38.000000','system/admin','admin@gmail.com','2025-11-12 01:21:35.555712','Quận 7, TP. Hồ Chí Minh','<p>Công ty tiên phong về nội dung số, game, mạng xã hội (Zalo) và Fintech.</p>','VNG Corporation',NULL),(14,'2025-10-21 20:42:38.000000','system/admin','admin@gmail.com','2025-11-12 01:22:05.619983','Hà Nội, Việt Nam','<p>Cung cấp giải pháp và dịch vụ công nghệ thông tin, viễn thông và bảo mật.</p>','CMC Corporation',NULL),(15,'2025-10-21 20:42:38.000000','system/admin','admin@gmail.com','2025-11-12 01:22:30.601327','TP. Hồ Chí Minh, Việt Nam','<p>Một trong những công ty gia công phần mềm lớn nhất và uy tín nhất Việt Nam.</p>','TMA Solutions',NULL),(16,'2025-10-21 20:42:38.000000','system/admin','admin@gmail.com','2025-11-12 01:22:58.984903','TP. Hồ Chí Minh, Việt Nam','<p>Công ty công nghệ có trụ sở tại Mỹ, nổi tiếng với các sản phẩm như Katalon và Kobiton.</p>','KMS Technology',NULL),(17,'2025-10-21 20:42:38.000000','system/admin','admin@gmail.com','2025-11-12 01:23:21.842400','Hà Nội, Việt Nam','<p>Chuyên về dịch vụ phát triển phần mềm, tập trung mạnh vào thị trường Nhật Bản.</p>','Rikkeisoft',NULL),(18,'2025-10-21 20:42:38.000000','system/admin','admin@gmail.com','2025-11-12 01:23:41.684715','Hà Nội, Việt Nam','<p>Cung cấp các phần mềm quản lý tài chính, kế toán và quản trị doanh nghiệp (MISA SME, MISA Amis).</p>','MISA JSC',NULL),(19,'2025-10-21 20:42:38.000000','system/admin','admin@gmail.com','2025-11-12 01:24:03.258257','London, UK (có văn phòng lớn tại VN)','<p>Cung cấp dịch vụ gia công phần mềm và giải pháp công nghệ toàn cầu.</p>','NashTech',NULL),(20,'2025-10-21 20:42:38.000000','system/admin','admin@gmail.com','2025-11-12 01:24:34.571837','Hà Nội, Việt Nam','<p>Chuyên cung cấp dịch vụ tư vấn chuyển đổi số và phát triển phần mềm chất lượng cao.</p>','Savvycom',NULL),(21,'2025-10-21 20:43:34.000000','system/admin','admin@gmail.com','2025-11-12 01:25:03.223181','Menlo Park, California, USA','<p>Tập đoàn sở hữu Facebook, Instagram, WhatsApp, tập trung vào mạng xã hội và metaverse.</p>','Meta Platforms (Facebook)',NULL),(22,'2025-10-21 20:43:34.000000','system/admin','admin@gmail.com','2025-11-12 01:25:42.544186','San Jose, California, USA','<p>Dẫn đầu thế giới về thiết bị mạng, viễn thông và giải pháp an ninh mạng.</p>','Cisco Systems',NULL),(23,'2025-10-21 20:43:34.000000','system/admin','admin@gmail.com','2025-11-12 01:26:14.280795','Redwood City, California, USA','<p>Chuyên về phần mềm quản lý quan hệ khách hàng (CRM) dựa trên công nghệ đám mây.</p>','Salesforce',NULL),(24,'2025-10-21 20:43:34.000000','system/admin','admin@gmail.com','2025-11-12 01:26:45.459831','San Jose, California, USA','<p>Nhà cung cấp phần mềm đồ họa, biên tập video và các giải pháp sáng tạo kỹ thuật số.</p>','Adobe Inc.',NULL),(25,'2025-10-21 20:43:34.000000','system/admin','admin@gmail.com','2025-11-12 01:27:32.992790','Palo Alto, California, USA','<p>Tập đoàn công nghệ chuyên về hệ thống máy chủ, lưu trữ và dịch vụ công nghệ.</p>','HP Enterprise (HPE)',NULL),(26,'2025-10-21 20:43:34.000000','system/admin','admin@gmail.com','2025-11-12 01:28:05.039313','Armonk, New York, USA','<p>Tập đoàn phát triển công nghệ đám mây, AI và các giải pháp chuyển đổi số lớn.</p>','Oracle',NULL),(27,'2025-10-21 20:43:34.000000','system/admin','admin@gmail.com','2025-11-12 01:28:42.607357','Walldorf, Đức','<p>Dẫn đầu thế giới về phần mềm lập kế hoạch nguồn lực doanh nghiệp (ERP) và các ứng dụng kinh doanh.</p>','SAP SE',NULL),(28,'2025-10-21 20:43:34.000000','system/admin','admin@gmail.com','2025-11-12 01:29:19.062294','Mountain View, California, USA','<p>Công ty chuyên cung cấp các giải pháp an ninh mạng thế hệ mới.</p>','Palo Alto Networks',NULL),(29,'2025-10-21 20:43:34.000000','system/admin','admin@gmail.com','2025-11-12 01:29:44.701704','San Jose, California, USA','<p>Nhà sản xuất card đồ họa, chipset cho máy tính cá nhân và trạm làm việc.</p>','NVIDIA',NULL),(30,'2025-10-21 20:43:34.000000','system/admin','admin@gmail.com','2025-11-12 01:30:28.422069','Santa Clara, California, USA','<p>Công ty bán dẫn nổi tiếng thế giới, đối thủ cạnh tranh lớn của Intel.</p>','Advanced Micro Devices (AMD)',NULL),(31,'2025-10-21 20:43:34.000000','system/admin','admin@gmail.com','2025-11-12 01:31:40.423448','Hà Nội, Việt Nam','<p>Chuyên cung cấp giải pháp và dịch vụ CNTT cho ngành viễn thông và chính phủ điện tử.</p>','VNPT Technology',NULL),(32,'2025-10-21 20:43:34.000000','system/admin','admin@gmail.com','2025-11-12 01:32:11.697687','Hà Nội, Việt Nam','<p>Công ty phát triển giải pháp phần mềm, đặc biệt là các phần mềm cho thị trường tài chính.</p>','Tinnus',NULL),(33,'2025-10-21 20:43:34.000000','system/admin','admin@gmail.com','2025-11-12 01:32:40.523615','TP. Hồ Chí Minh, Việt Nam','<p>Tập trung vào phát triển game di động, ứng dụng và dịch vụ thanh toán điện tử.</p>','Appota Group',NULL),(34,'2025-10-21 20:43:34.000000','system/admin','admin@gmail.com','2025-11-12 01:33:46.426413','TP. Hồ Chí Minh, Việt Nam','<p>Công ty Outsourcing tập trung vào phát triển ứng dụng di động và web.</p>','Global CyberSoft (GCS)',NULL),(35,'2025-10-21 20:43:34.000000','system/admin','system/admin','2025-10-21 20:43:34.000000','Hà Nội, Việt Nam','Cung cấp các giải pháp và dịch vụ IT, đặc biệt là trong lĩnh vực E-commerce và chuyển đổi số.','SmartOSC',NULL),(36,'2025-10-21 20:43:34.000000','system/admin','system/admin','2025-10-21 20:43:34.000000','TP. Hồ Chí Minh, Việt Nam','Cung cấp dịch vụ kiểm thử phần mềm chuyên nghiệp và tư vấn chất lượng.','LogiGear Vietnam',NULL),(37,'2025-10-21 20:43:34.000000','system/admin','system/admin','2025-10-21 20:43:34.000000','Singapore','Tập đoàn công nghệ đa quốc gia, sở hữu Garena, Shopee, SeaMoney.','Sea Group',NULL),(38,'2025-10-21 20:43:34.000000','system/admin','admin@gmail.com','2025-11-12 01:31:08.395284','Trung Quốc','<p>Tập đoàn công nghệ đa quốc gia, sở hữu WeChat, Tencent Games.</p>','Tencent Holdings',NULL),(39,'2025-10-21 20:43:34.000000','system/admin','admin@gmail.com','2025-11-12 01:33:14.474256','Nhật Bản','<p>Chuyên về dịch vụ phần mềm, hệ thống tích hợp và điện toán đám mây.</p>','Hitachi Vantara',NULL),(40,'2025-10-21 20:43:34.000000','system/admin','admin@gmail.com','2025-11-12 01:34:29.486413','Hà Nội, Việt Nam','<p>Công ty Outsourcing lớn mạnh, cung cấp dịch vụ cho nhiều thị trường khác nhau.</p>','NTQ Solution',NULL),(45,'2025-11-06 07:41:53.910299','an01862698420@gmail.com','an01862698420@gmail.com','2025-11-06 07:41:54.544727','Hà Nội','<p><span style=\"background-color: rgb(255, 255, 255); color: rgb(51, 51, 51);\">AIT Corp is a professional unit providing complete design solutions, supplying equipment and materials, constructing transformer stations, power lines, and power plants in the fields of traditional energy, renewable energy, and industrial systems from low voltage to high voltage.</span></p><p><span style=\"background-color: rgb(255, 255, 255); color: rgb(51, 51, 51);\">AIT Technology Joint Stock Company is a subsidiary of AIT Corp specializing in providing software services and solutions for major domestic customers: Viettel Post, Viettel Digital, Mytel, VNA, Viettel Telecom... In addition to providing software services and solutions, AIT also has other production projects underway.</span></p><p><br></p>','AIT TECHNOLOGY JOINT STOCK COMPANY',28),(47,'2025-11-18 06:39:52.188566','an08626984220@gmail.com','an08626984220@gmail.com','2025-11-18 06:39:52.860025','Hà Nội','<p>Công ty Truyền thông kỹ thuật số đời mới tích hợp AI</p>','Middle',30),(48,'2025-11-25 13:38:45.520385','admin@gmail.com','admin@gmail.com','2025-11-25 13:38:45.566565','Hà Nội','<p>Công ty mới thành lập năm 2025 ước tính sẽ triển khai hoạt động năm 2026</p>','Công ty một thành viên',7),(49,'2025-12-16 18:27:09.000000',NULL,NULL,'2025-12-16 18:27:09.000000','Quận 1, TPHCM','Công ty chuyên phát triển giải pháp SaaS','Công ty Số 1 - TNHH Phần Mềm',NULL),(50,'2025-12-16 18:27:09.000000',NULL,NULL,'2025-12-16 18:27:09.000000','Hai Bà Trưng, Hà Nội','Chuyên phát triển ứng dụng di động đa nền tảng','Công ty Số 2 - Giải Pháp Di Động',NULL),(51,'2025-12-16 18:27:09.000000',NULL,NULL,'2025-12-16 18:27:09.000000','Liên Chiểu, Đà Nẵng','Lĩnh vực bảo mật và hạ tầng Cloud','Công ty Số 3 - Tập Đoàn CNTT',NULL),(52,'2025-12-16 18:27:09.000000',NULL,NULL,'2025-12-16 18:27:09.000000','Quận 7, TPHCM','Sản phẩm tập trung vào AI và Machine Learning','Công ty Số 5 - Startup Công Nghệ',NULL),(53,'2025-12-16 18:27:09.000000',NULL,NULL,'2025-12-16 18:27:09.000000','Đống Đa, Hà Nội','Cung cấp dịch vụ outsourcing cho thị trường nước ngoài','Công ty Số 7 - Dịch Vụ Outsourcing',NULL),(54,'2025-12-16 18:27:09.000000',NULL,NULL,'2025-12-16 18:27:09.000000','Quận Thanh Xuân, Hà Nội','Chuyên sâu về các hệ thống thanh toán điện tử','Công ty Số 9 - Phần Mềm Tài Chính',NULL),(55,'2025-12-16 18:27:09.000000',NULL,NULL,'2025-12-16 18:27:09.000000','Quận 3, TPHCM','Giải pháp ERP và quản lý chuỗi cung ứng','Công ty Số 11 - ERP Solutions',NULL),(56,'2025-12-16 18:27:09.000000',NULL,NULL,'2025-12-16 18:27:09.000000','Quận Bình Thạnh, TPHCM','Phát triển các tựa game mobile và PC','Công ty Số 15 - Công Ty Game',NULL),(57,'2025-12-16 18:27:09.000000',NULL,NULL,'2025-12-16 18:27:09.000000','Quận Tây Hồ, Hà Nội','Vận hành và quản lý trung tâm dữ liệu','Công ty Số 17 - Data Center',NULL),(58,'2025-12-16 18:27:09.000000',NULL,NULL,'2025-12-16 18:27:09.000000','Quận Sơn Trà, Đà Nẵng','Dịch vụ kiểm thử tự động hóa và thủ công','Công ty Số 19 - Testing Services',NULL),(59,'2025-12-16 18:27:09.000000',NULL,NULL,'2025-12-16 18:27:09.000000','Quận Thủ Đức, TPHCM','Thiết kế website và branding kỹ thuật số','Công ty Số 22 - Web Agency',NULL),(60,'2025-12-16 18:27:09.000000',NULL,NULL,'2025-12-16 18:27:09.000000','Quận Hoàn Kiếm, Hà Nội','Nền tảng thương mại điện tử lớn','Công ty Số 25 - E-commerce Platform',NULL),(61,'2025-12-16 18:27:09.000000',NULL,NULL,'2025-12-16 18:27:09.000000','Quận 10, TPHCM','Giải pháp Internet Vạn Vật cho nhà thông minh','Công ty Số 28 - IoT Solutions',NULL),(62,'2025-12-16 18:27:09.000000',NULL,NULL,'2025-12-16 18:27:09.000000','Quận Cầu Giấy, Hà Nội','Dịch vụ bảo mật và phòng chống tấn công mạng','Công ty Số 33 - Cybersecurity',NULL),(63,'2025-12-16 18:27:09.000000',NULL,NULL,'2025-12-16 18:27:09.000000','Quận Ngũ Hành Sơn, Đà Nẵng','Cung cấp dịch vụ điện toán đám mây','Công ty Số 36 - Cloud Computing',NULL),(64,'2025-12-16 18:27:09.000000',NULL,NULL,'2025-12-16 18:27:09.000000','Quận Gò Vấp, TPHCM','Thiết kế và triển khai hạ tầng mạng','Công ty Số 39 - Network Infrastructure',NULL),(65,'2025-12-16 18:27:09.000000',NULL,NULL,'2025-12-16 18:27:09.000000','Quận Hà Đông, Hà Nội','Ứng dụng công nghệ vào lĩnh vực logistics','Công ty Số 40 - Logistics Tech',NULL),(66,'2025-12-16 18:27:09.000000',NULL,NULL,'2025-12-16 18:27:09.000000','Quận 4, TPHCM','Các giải pháp công nghệ giáo dục','Công ty Số 42 - EdTech Solutions',NULL),(67,'2025-12-16 18:27:09.000000',NULL,NULL,'2025-12-16 18:27:09.000000','Quận Ba Đình, Hà Nội','Phần mềm quản lý chiến dịch marketing','Công ty Số 45 - Marketing Tech',NULL),(68,'2025-12-16 18:27:09.000000',NULL,NULL,'2025-12-16 18:27:09.000000','Quận Liên Chiểu, Đà Nẵng','Hệ thống phần mềm cho doanh nghiệp lớn','Công ty Số 48 - Enterprise Systems',NULL),(69,'2025-12-16 18:29:00.000000',NULL,NULL,'2025-12-16 18:29:00.000000','Quận 1, TPHCM','Công ty chuyên phát triển giải pháp SaaS','Công ty Số 1 - TNHH Phần Mềm',NULL),(70,'2025-12-16 18:29:00.000000',NULL,NULL,'2025-12-16 18:29:00.000000','Hai Bà Trưng, Hà Nội','Chuyên phát triển ứng dụng di động đa nền tảng','Công ty Số 2 - Giải Pháp Di Động',NULL),(71,'2025-12-16 18:29:00.000000',NULL,NULL,'2025-12-16 18:29:00.000000','Liên Chiểu, Đà Nẵng','Lĩnh vực bảo mật và hạ tầng Cloud','Công ty Số 3 - Tập Đoàn CNTT',NULL),(72,'2025-12-16 18:29:00.000000',NULL,NULL,'2025-12-16 18:29:00.000000','Quận 7, TPHCM','Sản phẩm tập trung vào AI và Machine Learning','Công ty Số 5 - Startup Công Nghệ',NULL),(73,'2025-12-16 18:29:00.000000',NULL,NULL,'2025-12-16 18:29:00.000000','Đống Đa, Hà Nội','Cung cấp dịch vụ outsourcing cho thị trường nước ngoài','Công ty Số 7 - Dịch Vụ Outsourcing',NULL),(74,'2025-12-16 18:29:00.000000',NULL,NULL,'2025-12-16 18:29:00.000000','Quận Thanh Xuân, Hà Nội','Chuyên sâu về các hệ thống thanh toán điện tử','Công ty Số 9 - Phần Mềm Tài Chính',NULL),(75,'2025-12-16 18:29:00.000000',NULL,NULL,'2025-12-16 18:29:00.000000','Quận 3, TPHCM','Giải pháp ERP và quản lý chuỗi cung ứng','Công ty Số 11 - ERP Solutions',NULL),(76,'2025-12-16 18:29:00.000000',NULL,NULL,'2025-12-16 18:29:00.000000','Quận Bình Thạnh, TPHCM','Phát triển các tựa game mobile và PC','Công ty Số 15 - Công Ty Game',NULL),(77,'2025-12-16 18:29:00.000000',NULL,NULL,'2025-12-16 18:29:00.000000','Quận Tây Hồ, Hà Nội','Vận hành và quản lý trung tâm dữ liệu','Công ty Số 17 - Data Center',NULL),(78,'2025-12-16 18:29:00.000000',NULL,NULL,'2025-12-16 18:29:00.000000','Quận Sơn Trà, Đà Nẵng','Dịch vụ kiểm thử tự động hóa và thủ công','Công ty Số 19 - Testing Services',NULL),(79,'2025-12-16 18:29:00.000000',NULL,NULL,'2025-12-16 18:29:00.000000','Quận Thủ Đức, TPHCM','Thiết kế website và branding kỹ thuật số','Công ty Số 22 - Web Agency',NULL),(80,'2025-12-16 18:29:00.000000',NULL,NULL,'2025-12-16 18:29:00.000000','Quận Hoàn Kiếm, Hà Nội','Nền tảng thương mại điện tử lớn','Công ty Số 25 - E-commerce Platform',NULL),(81,'2025-12-16 18:29:00.000000',NULL,NULL,'2025-12-16 18:29:00.000000','Quận 10, TPHCM','Giải pháp Internet Vạn Vật cho nhà thông minh','Công ty Số 28 - IoT Solutions',NULL),(82,'2025-12-16 18:29:00.000000',NULL,NULL,'2025-12-16 18:29:00.000000','Quận Cầu Giấy, Hà Nội','Dịch vụ bảo mật và phòng chống tấn công mạng','Công ty Số 33 - Cybersecurity',NULL),(83,'2025-12-16 18:29:00.000000',NULL,NULL,'2025-12-16 18:29:00.000000','Quận Ngũ Hành Sơn, Đà Nẵng','Cung cấp dịch vụ điện toán đám mây','Công ty Số 36 - Cloud Computing',NULL),(84,'2025-12-16 18:29:00.000000',NULL,NULL,'2025-12-16 18:29:00.000000','Quận Gò Vấp, TPHCM','Thiết kế và triển khai hạ tầng mạng','Công ty Số 39 - Network Infrastructure',NULL),(85,'2025-12-16 18:29:00.000000',NULL,NULL,'2025-12-16 18:29:00.000000','Quận Hà Đông, Hà Nội','Ứng dụng công nghệ vào lĩnh vực logistics','Công ty Số 40 - Logistics Tech',NULL),(86,'2025-12-16 18:29:00.000000',NULL,NULL,'2025-12-16 18:29:00.000000','Quận 4, TPHCM','Các giải pháp công nghệ giáo dục','Công ty Số 42 - EdTech Solutions',NULL),(87,'2025-12-16 18:29:00.000000',NULL,NULL,'2025-12-16 18:29:00.000000','Quận Ba Đình, Hà Nội','Phần mềm quản lý chiến dịch marketing','Công ty Số 45 - Marketing Tech',NULL),(88,'2025-12-16 18:29:00.000000',NULL,NULL,'2025-12-16 18:29:00.000000','Quận Liên Chiểu, Đà Nẵng','Hệ thống phần mềm cho doanh nghiệp lớn','Công ty Số 48 - Enterprise Systems',NULL);
/*!40000 ALTER TABLE `companies` ENABLE KEYS */;
UNLOCK TABLES;

--
-- Table structure for table `company_logos`
--

DROP TABLE IF EXISTS `company_logos`;
/*!40101 SET @saved_cs_client     = @@character_set_client */;
/*!50503 SET character_set_client = utf8mb4 */;
CREATE TABLE `company_logos` (
  `company_id` bigint NOT NULL,
  `logo_url` varchar(255) DEFAULT NULL,
  PRIMARY KEY (`company_id`),
  CONSTRAINT `FKbgn3lugrtbscf0x68i3tdsme1` FOREIGN KEY (`company_id`) REFERENCES `companies` (`id`)
) ENGINE=InnoDB DEFAULT CHARSET=utf8mb4 COLLATE=utf8mb4_0900_ai_ci;
/*!40101 SET character_set_client = @saved_cs_client */;

--
-- Dumping data for table `company_logos`
--

LOCK TABLES `company_logos` WRITE;
/*!40000 ALTER TABLE `company_logos` DISABLE KEYS */;
INSERT INTO `company_logos` VALUES (1,'https://nhom5sbucket.s3.ap-southeast-1.amazonaws.com/company-logos/1'),(2,'https://nhom5sbucket.s3.ap-southeast-1.amazonaws.com/company-logos/2'),(3,'https://nhom5sbucket.s3.ap-southeast-1.amazonaws.com/company-logos/3'),(4,'https://nhom5sbucket.s3.ap-southeast-1.amazonaws.com/company-logos/4'),(5,'https://nhom5sbucket.s3.ap-southeast-1.amazonaws.com/company-logos/5'),(6,'https://nhom5sbucket.s3.ap-southeast-1.amazonaws.com/company-logos/6'),(7,'https://nhom5sbucket.s3.ap-southeast-1.amazonaws.com/company-logos/7'),(8,'https://nhom5sbucket.s3.ap-southeast-1.amazonaws.com/company-logos/8'),(9,'https://nhom5sbucket.s3.ap-southeast-1.amazonaws.com/company-logos/9'),(10,'https://nhom5sbucket.s3.ap-southeast-1.amazonaws.com/company-logos/10'),(11,'https://nhom5sbucket.s3.ap-southeast-1.amazonaws.com/company-logos/11'),(12,'https://nhom5sbucket.s3.ap-southeast-1.amazonaws.com/company-logos/12'),(13,'https://nhom5sbucket.s3.ap-southeast-1.amazonaws.com/company-logos/13'),(14,'https://nhom5sbucket.s3.ap-southeast-1.amazonaws.com/company-logos/14'),(15,'https://nhom5sbucket.s3.ap-southeast-1.amazonaws.com/company-logos/15'),(16,'https://nhom5sbucket.s3.ap-southeast-1.amazonaws.com/company-logos/16'),(17,'https://nhom5sbucket.s3.ap-southeast-1.amazonaws.com/company-logos/17'),(18,'https://nhom5sbucket.s3.ap-southeast-1.amazonaws.com/company-logos/18'),(19,'https://nhom5sbucket.s3.ap-southeast-1.amazonaws.com/company-logos/19'),(20,'https://nhom5sbucket.s3.ap-southeast-1.amazonaws.com/company-logos/20'),(21,'https://nhom5sbucket.s3.ap-southeast-1.amazonaws.com/company-logos/21'),(22,'https://nhom5sbucket.s3.ap-southeast-1.amazonaws.com/company-logos/22'),(23,'https://nhom5sbucket.s3.ap-southeast-1.amazonaws.com/company-logos/23'),(24,'https://nhom5sbucket.s3.ap-southeast-1.amazonaws.com/company-logos/24'),(25,'https://nhom5sbucket.s3.ap-southeast-1.amazonaws.com/company-logos/25'),(26,'https://nhom5sbucket.s3.ap-southeast-1.amazonaws.com/company-logos/26'),(27,'https://nhom5sbucket.s3.ap-southeast-1.amazonaws.com/company-logos/27'),(28,'https://nhom5sbucket.s3.ap-southeast-1.amazonaws.com/company-logos/28'),(29,'https://nhom5sbucket.s3.ap-southeast-1.amazonaws.com/company-logos/29'),(30,'https://nhom5sbucket.s3.ap-southeast-1.amazonaws.com/company-logos/30'),(31,'https://nhom5sbucket.s3.ap-southeast-1.amazonaws.com/company-logos/31'),(32,'https://nhom5sbucket.s3.ap-southeast-1.amazonaws.com/company-logos/32'),(33,'https://nhom5sbucket.s3.ap-southeast-1.amazonaws.com/company-logos/33'),(34,'https://nhom5sbucket.s3.ap-southeast-1.amazonaws.com/company-logos/34'),(35,'https://nhom5sbucket.s3.ap-southeast-1.amazonaws.com/company-logos/35'),(36,'https://nhom5sbucket.s3.ap-southeast-1.amazonaws.com/company-logos/36'),(37,'https://nhom5sbucket.s3.ap-southeast-1.amazonaws.com/company-logos/37'),(38,'https://nhom5sbucket.s3.ap-southeast-1.amazonaws.com/company-logos/38'),(39,'https://nhom5sbucket.s3.ap-southeast-1.amazonaws.com/company-logos/39'),(40,'https://nhom5sbucket.s3.ap-southeast-1.amazonaws.com/company-logos/40'),(45,'https://nhom5sbucket.s3.ap-southeast-1.amazonaws.com/company-logos/45'),(47,'https://nhom5sbucket.s3.ap-southeast-1.amazonaws.com/company-logos/47');
/*!40000 ALTER TABLE `company_logos` ENABLE KEYS */;
UNLOCK TABLES;

--
-- Table structure for table `job_skill`
--

DROP TABLE IF EXISTS `job_skill`;
/*!40101 SET @saved_cs_client     = @@character_set_client */;
/*!50503 SET character_set_client = utf8mb4 */;
CREATE TABLE `job_skill` (
  `job_id` bigint NOT NULL,
  `skill_id` bigint NOT NULL,
  KEY `FKdh76859joo68p6dbj9erh4pbs` (`skill_id`),
  KEY `FKje4q8ajxb3v5bel11dhbxrb8d` (`job_id`),
  CONSTRAINT `FKdh76859joo68p6dbj9erh4pbs` FOREIGN KEY (`skill_id`) REFERENCES `skills` (`id`),
  CONSTRAINT `FKje4q8ajxb3v5bel11dhbxrb8d` FOREIGN KEY (`job_id`) REFERENCES `jobs` (`id`)
) ENGINE=InnoDB DEFAULT CHARSET=utf8mb4 COLLATE=utf8mb4_0900_ai_ci;
/*!40101 SET character_set_client = @saved_cs_client */;

--
-- Dumping data for table `job_skill`
--

LOCK TABLES `job_skill` WRITE;
/*!40000 ALTER TABLE `job_skill` DISABLE KEYS */;
INSERT INTO `job_skill` VALUES (27,11),(27,12),(27,14),(27,15),(27,19),(27,20),(27,21),(27,23),(28,21),(28,22),(28,23),(28,11),(28,12),(28,14),(28,15),(29,11),(29,13),(29,14),(29,15),(29,17),(29,20),(29,21),(29,22),(29,23),(30,13),(30,14),(30,15),(30,17),(31,6),(31,10),(32,2),(32,7),(32,11),(32,12),(33,2),(33,3),(33,4),(34,11),(34,38),(35,5),(35,11),(35,12),(35,15),(36,2),(36,3),(36,4),(36,11),(36,13),(36,15),(36,18),(36,20),(36,22),(37,5),(37,10),(37,32),(37,34),(37,35),(37,42),(37,43);
/*!40000 ALTER TABLE `job_skill` ENABLE KEYS */;
UNLOCK TABLES;

--
-- Table structure for table `jobs`
--

DROP TABLE IF EXISTS `jobs`;
/*!40101 SET @saved_cs_client     = @@character_set_client */;
/*!50503 SET character_set_client = utf8mb4 */;
CREATE TABLE `jobs` (
  `id` bigint NOT NULL AUTO_INCREMENT,
  `created_at` datetime(6) DEFAULT NULL,
  `created_by` varchar(255) DEFAULT NULL,
  `modified_by` varchar(255) DEFAULT NULL,
  `updated_at` datetime(6) DEFAULT NULL,
  `active` bit(1) DEFAULT NULL,
  `description` mediumtext,
  `end_date` datetime(6) DEFAULT NULL,
  `level` enum('FRESHER','INTERN','LEADER','MIDDLE','SENIOR') DEFAULT NULL,
  `location` varchar(255) DEFAULT NULL,
  `name` varchar(255) DEFAULT NULL,
  `quantity` int DEFAULT NULL,
  `salary` double DEFAULT NULL,
  `start_date` datetime(6) DEFAULT NULL,
  `company_id` bigint DEFAULT NULL,
  PRIMARY KEY (`id`),
  KEY `FKrtmqcrktb6s7xq8djbs2a2war` (`company_id`),
  CONSTRAINT `FKrtmqcrktb6s7xq8djbs2a2war` FOREIGN KEY (`company_id`) REFERENCES `companies` (`id`)
) ENGINE=InnoDB AUTO_INCREMENT=138 DEFAULT CHARSET=utf8mb4 COLLATE=utf8mb4_0900_ai_ci;
/*!40101 SET character_set_client = @saved_cs_client */;

--
-- Dumping data for table `jobs`
--

LOCK TABLES `jobs` WRITE;
/*!40000 ALTER TABLE `jobs` DISABLE KEYS */;
INSERT INTO `jobs` VALUES (27,'2025-10-05 23:37:47.870120','an0862698420@gmail.com','an0862698420@gmail.com','2025-10-05 23:37:47.870120',_binary '','<h3><span style=\"background-color: rgb(255, 255, 255); color: rgb(33, 47, 63);\">Mô tả công việc</span></h3><p><span style=\"background-color: rgb(255, 255, 255); color: rgb(51, 51, 51);\">LG CNS is looking for full stack developers for cloud domain project</span></p><ol><li data-list=\"bullet\"><span class=\"ql-ui\" contenteditable=\"false\"></span><span style=\"background-color: rgb(255, 255, 255); color: rgb(51, 51, 51);\">Develop and maintain fullstack web applications using Java (Spring Boot) on backend and React.js on frontend.</span></li><li data-list=\"bullet\"><span class=\"ql-ui\" contenteditable=\"false\"></span><span style=\"background-color: rgb(255, 255, 255); color: rgb(51, 51, 51);\">Participate in the entire software development lifecycle, from requirements gathering, analysis, design to deployment and maintenance.</span></li><li data-list=\"bullet\"><span class=\"ql-ui\" contenteditable=\"false\"></span><span style=\"background-color: rgb(255, 255, 255); color: rgb(51, 51, 51);\">Conduct unit testing and support integration testing.</span></li><li data-list=\"bullet\"><span class=\"ql-ui\" contenteditable=\"false\"></span><span style=\"background-color: rgb(255, 255, 255); color: rgb(51, 51, 51);\">Ensure code quality, performance, and scalability.</span></li><li data-list=\"bullet\"><span class=\"ql-ui\" contenteditable=\"false\"></span><span style=\"background-color: rgb(255, 255, 255); color: rgb(51, 51, 51);\">Maintain technical documentation and follow coding standards.</span></li></ol><p><br></p><p><br></p><p><br></p><p><br></p><h3><span style=\"background-color: rgb(255, 255, 255); color: rgb(33, 47, 63);\">Yêu cầu ứng viên</span></h3><p><strong style=\"background-color: rgb(255, 255, 255); color: rgb(51, 51, 51);\">[Required]</strong></p><ol><li data-list=\"bullet\"><span class=\"ql-ui\" contenteditable=\"false\"></span><span style=\"background-color: rgb(255, 255, 255); color: rgb(51, 51, 51);\">Bachelor\'s degree of Information Technology or higher</span></li><li data-list=\"bullet\"><span class=\"ql-ui\" contenteditable=\"false\"></span><span style=\"background-color: rgb(255, 255, 255); color: rgb(51, 51, 51);\">Have working experience and excellent knowledge at software developing using Java, Spring boot</span></li><li data-list=\"bullet\"><span class=\"ql-ui\" contenteditable=\"false\"></span><span style=\"background-color: rgb(255, 255, 255); color: rgb(51, 51, 51);\">Have working experience and excellent knowledge at software developing using React, HTML, JavaScript</span></li><li data-list=\"bullet\"><span class=\"ql-ui\" contenteditable=\"false\"></span><span style=\"background-color: rgb(255, 255, 255); color: rgb(51, 51, 51);\">Good knowledge about AI (Azure OpenAI and GenAI)</span></li><li data-list=\"bullet\"><span class=\"ql-ui\" contenteditable=\"false\"></span><span style=\"background-color: rgb(255, 255, 255); color: rgb(51, 51, 51);\">Good knowledge about public cloud (Azure, AWS,)</span></li><li data-list=\"bullet\"><span class=\"ql-ui\" contenteditable=\"false\"></span><span style=\"background-color: rgb(255, 255, 255); color: rgb(51, 51, 51);\">Database: MariaDB (or MySQL).</span></li></ol><p><strong style=\"background-color: rgb(255, 255, 255); color: rgb(51, 51, 51);\">[Preferred]</strong></p><ol><li data-list=\"bullet\"><span class=\"ql-ui\" contenteditable=\"false\"></span><span style=\"background-color: rgb(255, 255, 255); color: rgb(51, 51, 51);\">Having experience with Python and Google cloud</span></li></ol><p><br></p><p><br></p><h3><span style=\"background-color: rgb(255, 255, 255); color: rgb(33, 47, 63);\">Quyền lợi</span></h3><ol><li data-list=\"bullet\"><span class=\"ql-ui\" contenteditable=\"false\"></span><span style=\"background-color: rgb(255, 255, 255); color: rgb(51, 51, 51);\">Attractive salary and bonus will be discussed after going through CV &amp; Interview</span></li><li data-list=\"bullet\"><span class=\"ql-ui\" contenteditable=\"false\"></span><span style=\"background-color: rgb(255, 255, 255); color: rgb(51, 51, 51);\">Review capacity annually and adjust salary increases according to work performance.</span></li><li data-list=\"bullet\"><span class=\"ql-ui\" contenteditable=\"false\"></span><span style=\"background-color: rgb(255, 255, 255); color: rgb(51, 51, 51);\">Health care: Premium health insurance, Annual health check-up</span></li><li data-list=\"bullet\"><span class=\"ql-ui\" contenteditable=\"false\"></span><span style=\"background-color: rgb(255, 255, 255); color: rgb(51, 51, 51);\">Young working environment</span></li><li data-list=\"bullet\"><span class=\"ql-ui\" contenteditable=\"false\"></span><span style=\"background-color: rgb(255, 255, 255); color: rgb(51, 51, 51);\">Good career development opportunities with interesting and challenging projects.</span></li><li data-list=\"bullet\"><span class=\"ql-ui\" contenteditable=\"false\"></span><span style=\"background-color: rgb(255, 255, 255); color: rgb(51, 51, 51);\">English, Korean, technical, soft skills training courses.</span></li><li data-list=\"bullet\"><span class=\"ql-ui\" contenteditable=\"false\"></span><span style=\"background-color: rgb(255, 255, 255); color: rgb(51, 51, 51);\">Opportunity to learn special courses from LG CNS, new technology and security.</span></li><li data-list=\"bullet\"><span class=\"ql-ui\" contenteditable=\"false\"></span><span style=\"background-color: rgb(255, 255, 255); color: rgb(51, 51, 51);\">Gifts on holidays (April 30th - May 1st, September 2nd, Tet, etc.)</span></li><li data-list=\"bullet\"><span class=\"ql-ui\" contenteditable=\"false\"></span><span style=\"background-color: rgb(255, 255, 255); color: rgb(51, 51, 51);\">Outdoor activities with company support: sports clubs, team building, happy hour parties, birthdays, travel, employee and family events, etc.</span></li><li data-list=\"bullet\"><span class=\"ql-ui\" contenteditable=\"false\"></span><span style=\"background-color: rgb(255, 255, 255); color: rgb(51, 51, 51);\">Working hours: 8 hours from Monday - Friday (8 hours/day)</span></li></ol><h3><span style=\"background-color: rgb(255, 255, 255); color: rgb(33, 47, 63);\">Địa điểm làm việc</span></h3><p><span style=\"background-color: rgb(255, 255, 255); color: rgb(51, 51, 51);\">- Hà Nội: 15th Floor, Keangnam Landmark 72, Me Tri,, Nam Từ Liêm</span></p><h3><span style=\"background-color: rgb(255, 255, 255); color: rgb(33, 47, 63);\">Thời gian làm việc</span></h3><p><span style=\"background-color: rgb(255, 255, 255); color: rgb(33, 47, 63);\">Thứ 2 - Thứ 6 (từ 08:00 đến 17:00)</span></p><p><span style=\"background-color: rgb(255, 255, 255); color: rgb(33, 47, 63);\">Working hours: 8 hours from Monday - Friday (8 hours/day)</span></p><p><br></p>','2025-10-31 00:00:00.000000','FRESHER','Hà Nội','Full Stack Developer (Java, Springboot, React)',1,18000000,'2025-10-01 00:00:00.000000',35),(28,'2025-10-05 23:54:18.206319','an01648042920@gmail.com','an01648042920@gmail.com','2025-10-06 01:27:50.320345',_binary '','<h3><span style=\"color: rgb(33, 47, 63); background-color: rgb(255, 255, 255);\">Mô tả công việc</span></h3><ol><li data-list=\"bullet\"><span class=\"ql-ui\" contenteditable=\"false\"></span><span style=\"color: rgb(51, 51, 51); background-color: rgb(255, 255, 255);\">Participating in global software development projects (Ecommerce, airline,..)</span></li><li data-list=\"bullet\"><span class=\"ql-ui\" contenteditable=\"false\"></span><span style=\"color: rgb(51, 51, 51); background-color: rgb(255, 255, 255);\">Be active in self-research and sharing solutions for complicated technical problem</span></li><li data-list=\"bullet\"><span class=\"ql-ui\" contenteditable=\"false\"></span><span style=\"color: rgb(51, 51, 51); background-color: rgb(255, 255, 255);\">Carrying out assigned tasks to meet all deadlines and delivered with quality results.</span></li><li data-list=\"bullet\"><span class=\"ql-ui\" contenteditable=\"false\"></span><span style=\"color: rgb(51, 51, 51); background-color: rgb(255, 255, 255);\">Contributing in designing &amp; implement features to meet customer’s requirements &amp; deadlines.</span></li><li data-list=\"bullet\"><span class=\"ql-ui\" contenteditable=\"false\"></span><span style=\"color: rgb(51, 51, 51); background-color: rgb(255, 255, 255);\">Working directly with clients to resolve ambiguities, finalize requirements and ensure technical deliverables meet business expectations</span></li></ol><h3><span style=\"color: rgb(33, 47, 63); background-color: rgb(255, 255, 255);\">Yêu cầu ứng viên</span></h3><ol><li data-list=\"bullet\"><span class=\"ql-ui\" contenteditable=\"false\"></span><span style=\"color: rgb(51, 51, 51); background-color: rgb(255, 255, 255);\">Experience with NodeJS, JavaScript, TypeScript</span></li><li data-list=\"bullet\"><span class=\"ql-ui\" contenteditable=\"false\"></span><strong style=\"color: rgb(51, 51, 51); background-color: rgb(255, 255, 255);\">Min 3 year experience with NodeJS backend development, at least 1 project with NestJS</strong></li><li data-list=\"bullet\"><span class=\"ql-ui\" contenteditable=\"false\"></span><span style=\"color: rgb(51, 51, 51); background-color: rgb(255, 255, 255);\">Experience with cloud computing (AWS services, Google services)</span></li><li data-list=\"bullet\"><span class=\"ql-ui\" contenteditable=\"false\"></span><span style=\"color: rgb(51, 51, 51); background-color: rgb(255, 255, 255);\">Knowledge of web services integrations (REST/SOAP)</span></li><li data-list=\"bullet\"><span class=\"ql-ui\" contenteditable=\"false\"></span><strong style=\"color: rgb(51, 51, 51); background-color: rgb(255, 255, 255);\">Good English to communicate directly with clients (must have)</strong></li><li data-list=\"bullet\"><span class=\"ql-ui\" contenteditable=\"false\"></span><span style=\"color: rgb(51, 51, 51); background-color: rgb(255, 255, 255);\">Excellent in object-oriented programing knowledge and experience.</span></li><li data-list=\"bullet\"><span class=\"ql-ui\" contenteditable=\"false\"></span><span style=\"color: rgb(51, 51, 51); background-color: rgb(255, 255, 255);\">Understanding on Design Patterns</span></li></ol><p><span style=\"color: rgb(51, 51, 51); background-color: rgb(255, 255, 255);\">Having the following skills is an advantage:</span></p><ol><li data-list=\"bullet\"><span class=\"ql-ui\" contenteditable=\"false\"></span><span style=\"color: rgb(51, 51, 51); background-color: rgb(255, 255, 255);\">Experienced with integrating with other systems, such as CRM, ERP, Payment Gateways... is a bonus point</span></li><li data-list=\"bullet\"><span class=\"ql-ui\" contenteditable=\"false\"></span><span style=\"color: rgb(51, 51, 51); background-color: rgb(255, 255, 255);\">Experience with CI/CD and deploying applications to AWS Cloud</span></li><li data-list=\"bullet\"><span class=\"ql-ui\" contenteditable=\"false\"></span><span style=\"color: rgb(51, 51, 51); background-color: rgb(255, 255, 255);\">Experience with website performance optimization</span></li><li data-list=\"bullet\"><span class=\"ql-ui\" contenteditable=\"false\"></span><span style=\"color: rgb(51, 51, 51); background-color: rgb(255, 255, 255);\">Familiar with Agile model, having knowledge with TDD/BDD applied in Agile is a plus</span></li></ol><h3><span style=\"color: rgb(33, 47, 63); background-color: rgb(255, 255, 255);\">Quyền lợi</span></h3><ol><li data-list=\"bullet\"><span class=\"ql-ui\" contenteditable=\"false\"></span><span style=\"color: rgb(51, 51, 51); background-color: rgb(255, 255, 255);\">Attractive salary package, up to 2400$</span></li><li data-list=\"bullet\"><span class=\"ql-ui\" contenteditable=\"false\"></span><span style=\"color: rgb(51, 51, 51); background-color: rgb(255, 255, 255);\">Salary review twice a year</span></li><li data-list=\"bullet\"><span class=\"ql-ui\" contenteditable=\"false\"></span><span style=\"color: rgb(51, 51, 51); background-color: rgb(255, 255, 255);\">Flexible working hour (between 7:30am – 7:30pm on staff’s preference)</span></li><li data-list=\"bullet\"><span class=\"ql-ui\" contenteditable=\"false\"></span><span style=\"color: rgb(51, 51, 51); background-color: rgb(255, 255, 255);\">Premium health care up to $6,000/year</span></li><li data-list=\"bullet\"><span class=\"ql-ui\" contenteditable=\"false\"></span><span style=\"color: rgb(51, 51, 51); background-color: rgb(255, 255, 255);\">Working in One of the largest Ecommerce Agencies in South East Asia – Professional English environment</span></li><li data-list=\"bullet\"><span class=\"ql-ui\" contenteditable=\"false\"></span><span style=\"color: rgb(51, 51, 51); background-color: rgb(255, 255, 255);\">Free English, Japanese and professional training packages</span></li><li data-list=\"bullet\"><span class=\"ql-ui\" contenteditable=\"false\"></span><span style=\"color: rgb(51, 51, 51); background-color: rgb(255, 255, 255);\">Firm’s Certified Qualifications Sponsorship for career development</span></li><li data-list=\"bullet\"><span class=\"ql-ui\" contenteditable=\"false\"></span><span style=\"color: rgb(51, 51, 51); background-color: rgb(255, 255, 255);\">Annual company trip inside or outside Vietnam</span></li><li data-list=\"bullet\"><span class=\"ql-ui\" contenteditable=\"false\"></span><span style=\"color: rgb(51, 51, 51); background-color: rgb(255, 255, 255);\">Other fun activities: happy hour, quarterly team building, football club, yoga club, swimming club, charity activities, etc.</span></li><li data-list=\"bullet\"><span class=\"ql-ui\" contenteditable=\"false\"></span><span style=\"color: rgb(51, 51, 51); background-color: rgb(255, 255, 255);\">Free entertainment parties: Birthday party, Anniversary party, Sum-up Party, Year-End Party, etc.</span></li></ol><h3><span style=\"color: rgb(0, 0, 0); background-color: rgb(255, 255, 255);\">Thiết bị làm việc</span></h3><p><span style=\"color: rgb(51, 51, 51); background-color: rgb(255, 255, 255);\">Được cấp Máy tính</span></p><h3><span style=\"color: rgb(0, 0, 0); background-color: rgb(255, 255, 255);\">Quyền lợi</span></h3><p><span style=\"color: rgb(51, 51, 51); background-color: rgb(255, 255, 255);\">Bảo hiểm xã hội, Bảo hiểm sức khỏe, Bảo hiểm sức khỏe ngưởi thân, Khám sức khỏe định kỳ, Phụ cấp thâm niên, Thưởng hiệu quả làm việc, Team building, Du lịch hàng năm</span></p>','2025-10-30 00:00:00.000000','SENIOR','Hà Nội','Senior NodeJS BackEnd Developer - 3 Year Experience (Communicative English) ',2,60000000,'2025-10-01 00:00:00.000000',36),(29,'2025-10-06 01:41:32.815550','admin@gmail.com','admin@gmail.com','2025-10-06 01:41:32.815550',_binary '','<h3><span style=\"background-color: rgb(255, 255, 255); color: rgb(33, 47, 63);\">Mô tả công việc</span></h3><p><span style=\"background-color: rgb(255, 255, 255); color: rgb(51, 51, 51);\">• Install, configure, and maintain MySQL and MongoDB database systems.</span></p><p><span style=\"background-color: rgb(255, 255, 255); color: rgb(51, 51, 51);\">• Monitor database performance, identify bottlenecks, and optimize queries and indexes.</span></p><p><span style=\"background-color: rgb(255, 255, 255); color: rgb(51, 51, 51);\">• Implement and manage backup and disaster recovery strategies.</span></p><p><span style=\"background-color: rgb(255, 255, 255); color: rgb(51, 51, 51);\">• Ensure database security, access control, and data integrity.</span></p><p><span style=\"background-color: rgb(255, 255, 255); color: rgb(51, 51, 51);\">• Perform regular database upgrades, patches, and migrations.</span></p><p><span style=\"background-color: rgb(255, 255, 255); color: rgb(51, 51, 51);\">• Collaborate with developers to optimize database schema and support application performance.</span></p><p><span style=\"background-color: rgb(255, 255, 255); color: rgb(51, 51, 51);\">• Create and maintain technical documentation, including database standards and procedures.</span></p><p><span style=\"background-color: rgb(255, 255, 255); color: rgb(51, 51, 51);\">• Troubleshoot and resolve database-related incidents in a timely manner.</span></p><p><span style=\"background-color: rgb(255, 255, 255); color: rgb(51, 51, 51);\">• Participate in on-call rotations and provide support for production environments</span></p><h3><span style=\"background-color: rgb(255, 255, 255); color: rgb(33, 47, 63);\">Yêu cầu ứng viên</span></h3><p><span style=\"background-color: rgb(255, 255, 255); color: rgb(51, 51, 51);\">• Bachelor\'s degree in Computer Science, Information Technology, or a related field.</span></p><p><span style=\"background-color: rgb(255, 255, 255); color: rgb(51, 51, 51);\">• 3+ years of hands-on experience with MySQL and MongoDB administration.</span></p><p><span style=\"background-color: rgb(255, 255, 255); color: rgb(51, 51, 51);\">• Strong knowledge of database architecture, replication, clustering, and sharding.</span></p><p><span style=\"background-color: rgb(255, 255, 255); color: rgb(51, 51, 51);\">• Proficient in SQL query tuning and performance optimization techniques.</span></p><p><span style=\"background-color: rgb(255, 255, 255); color: rgb(51, 51, 51);\">• Experience with monitoring tools (e.g., Prometheus, Grafana, Percona Toolkit).</span></p><p><span style=\"background-color: rgb(255, 255, 255); color: rgb(51, 51, 51);\">• Solid understanding of Linux/Unix operating systems.</span></p><p><span style=\"background-color: rgb(255, 255, 255); color: rgb(51, 51, 51);\">• Experience with automation/scripting (Bash, Python, Ansible) is a plus.</span></p><p><span style=\"background-color: rgb(255, 255, 255); color: rgb(51, 51, 51);\">• Familiarity with cloud database services (e.g., AWS RDS, MongoDB Atlas) is an advantage.</span></p><h3><span style=\"background-color: rgb(255, 255, 255); color: rgb(33, 47, 63);\">Quyền lợi</span></h3><p><span style=\"background-color: rgb(255, 255, 255); color: rgb(51, 51, 51);\">At SmartOSC, we offer the best to your values</span></p><p><span style=\"background-color: rgb(255, 255, 255); color: rgb(51, 51, 51);\">• Attractive salary package: up to $2000</span></p><p><span style=\"background-color: rgb(255, 255, 255); color: rgb(51, 51, 51);\">• Salary review twice a year</span></p><p><span style=\"background-color: rgb(255, 255, 255); color: rgb(51, 51, 51);\">• Flexible working hour</span></p><p><span style=\"background-color: rgb(255, 255, 255); color: rgb(51, 51, 51);\">• Premium health care</span></p><p><span style=\"background-color: rgb(255, 255, 255); color: rgb(51, 51, 51);\">• Working in One of the largest digital transformation agencies – A professional English environment</span></p><p><span style=\"background-color: rgb(255, 255, 255); color: rgb(51, 51, 51);\">• Free English, Japanese, and professional training packages</span></p><p><span style=\"background-color: rgb(255, 255, 255); color: rgb(51, 51, 51);\">• Firm’s Certified Qualifications Sponsorship for career development</span></p><p><span style=\"background-color: rgb(255, 255, 255); color: rgb(51, 51, 51);\">• Annual company trip inside or outside Vietnam</span></p><p><span style=\"background-color: rgb(255, 255, 255); color: rgb(51, 51, 51);\">• Other fun activities: happy hour, quarterly team building, football club, yoga club, swimming club, charity activities, etc.</span></p><p><span style=\"background-color: rgb(255, 255, 255); color: rgb(51, 51, 51);\">• Free entertainment parties: Birthday party, Anniversary party, Sum-up Party, Year-End Party, etc.</span></p><p><br></p>','2025-10-31 00:00:00.000000','MIDDLE','Hà Nội','Database Administrator ',1,2000000,'2025-10-01 00:00:00.000000',35),(30,'2025-10-06 02:01:53.656892','andeptrai@gmail.com','andeptrai@gmail.com','2025-10-06 02:01:53.656892',_binary '','<h3><span style=\"background-color: rgb(255, 255, 255); color: rgb(33, 47, 63);\">Mô tả công việc</span></h3><p><span style=\"background-color: rgb(255, 255, 255); color: rgb(51, 51, 51);\">- Tham gia phân tích, thiết kế, phát triển các ứng dụng theo yêu cầu của công ty;</span></p><p><span style=\"background-color: rgb(255, 255, 255); color: rgb(51, 51, 51);\">- Phối hợp hỗ trợ với các bộ phận khác để triển khai hệ thống cho khách hàng;</span></p><p><span style=\"background-color: rgb(255, 255, 255); color: rgb(51, 51, 51);\">- Nghiên cứu và phát triển các thuật toán Xử lý tiếng nói: xoá/lọc nhiễu, nhận dạng tiếng nói, tổng hợp tiếng nói, nhận diện người nói, tách giọng (Speaker Diarization)</span></p><p><span style=\"background-color: rgb(255, 255, 255); color: rgb(51, 51, 51);\">- Xây dựng mô hình âm học (acoustic model), mô hình ngôn ngữ (language model), decoder, tối ưu hoá từ điển, ...</span></p><p><span style=\"background-color: rgb(255, 255, 255); color: rgb(51, 51, 51);\">- Nghiên cứu và phát triển các mô hình Nhận dạng tiếng nói dựa trên neural networks</span></p><p><span style=\"background-color: rgb(255, 255, 255); color: rgb(51, 51, 51);\">- Nghiên cứu và xây dựng các bộ cơ sở dữ liệu huấn luyện từ vựng lớn đảm bảo độ phủ về chất giọng vùng miền, độ tuổi, giới tính, môi trường, ... phù hợp với từng bài toán cụ thể.</span></p><p><span style=\"background-color: rgb(255, 255, 255); color: rgb(51, 51, 51);\">- Nghiên cứu và phát triển các mô hình học máy cho Tổng hợp tiếng nói, voice clone, voice converter... dựa trên các mô hình như FastSpeech2, F5-TTS, ...</span></p><p><span style=\"background-color: rgb(255, 255, 255); color: rgb(51, 51, 51);\">- Báo cáo công việc định kỳ cho trưởng nhóm;</span></p><p><span style=\"background-color: rgb(255, 255, 255); color: rgb(51, 51, 51);\">- Công việc sẽ được trao đổi cụ thể hơn trong quá trình phỏng vấn.</span></p><h3><span style=\"background-color: rgb(255, 255, 255); color: rgb(33, 47, 63);\">Yêu cầu ứng viên</span></h3><p><span style=\"background-color: rgb(255, 255, 255); color: rgb(51, 51, 51);\">- Tốt nghiệp đại học chuyên ngành Công nghệ thông tin, Toán tin.</span></p><p><span style=\"background-color: rgb(255, 255, 255); color: rgb(51, 51, 51);\">- Có kiến thức về các thuật toán Machine Learning (Classification, Regression), Neural Network</span></p><p><span style=\"background-color: rgb(255, 255, 255); color: rgb(51, 51, 51);\">- Thành thạo một trong các framework: Scikit-learn, Keras , Tensorflow, PyTorch…</span></p><p><span style=\"background-color: rgb(255, 255, 255); color: rgb(51, 51, 51);\">- Lập trình hướng đối tượng thành thạo với một trong các ngôn ngữ sau : C++/C, Python, Java</span></p><p><span style=\"background-color: rgb(255, 255, 255); color: rgb(51, 51, 51);\">- Có khả năng nghiên cứu công nghệ mới với nền tảng cấu trúc dữ liệu và Thuật toán tốt.</span></p><p><span style=\"background-color: rgb(255, 255, 255); color: rgb(51, 51, 51);\">- Nắm được các kiến thức cơ bản về Xử lý tín hiệu số, cơ sở Toán học cho Xử lý tín hiệu số (Fast Fourier Transform, spectrogram, trích chọn đặc trưng tín hiệu, sử dụng bộ lọc tín hiệu, ...)</span></p><p><span style=\"background-color: rgb(255, 255, 255); color: rgb(51, 51, 51);\">- Nắm được các kiến thức cơ bản về xây dựng các mô hình Nhận diện / Tổng hợp tiếng nói (acoustic model, language model, ...)</span></p><p><span style=\"background-color: rgb(255, 255, 255); color: rgb(51, 51, 51);\">- Có kiến thức cơ bản về học máy, nắm được các mô hình cơ bản thường dùng trong Xử lý tiếng nói : HMM, DNN, CNN, Transformers, ...</span></p><p><span style=\"background-color: rgb(255, 255, 255); color: rgb(51, 51, 51);\">- Có kiến thức cơ bản về học máy với mô hình mạng nơ-ron (neural networks), các mô hình seq2seq, …</span></p><p><span style=\"background-color: rgb(255, 255, 255); color: rgb(51, 51, 51);\">- Có kinh nghiệm sử dụng các framework/toolkit cho Nhận diện tiếng nói như : Kaldi, K2, Speechbrain, ...</span></p><p><span style=\"background-color: rgb(255, 255, 255); color: rgb(51, 51, 51);\">- Kĩ năng làm việc theo nhóm, làm việc độc lập;</span></p><p><span style=\"background-color: rgb(255, 255, 255); color: rgb(51, 51, 51);\">- Đọc, hiểu tài liệu kỹ thuật tiếng Anh chuyên ngành.</span></p><p><span style=\"background-color: rgb(255, 255, 255); color: rgb(51, 51, 51);\">- Chịu khó tìm tòi và nghiêm túc trong công việc.</span></p><p><span style=\"background-color: rgb(255, 255, 255); color: rgb(51, 51, 51);\">- Chủ động trong công việc cũng như tìm hiểu công nghệ mới.</span></p><p><span style=\"background-color: rgb(255, 255, 255); color: rgb(51, 51, 51);\">- Có trách nhiệm cao với công việc, gắn bó lâu dài với công ty.</span></p><h3><span style=\"background-color: rgb(255, 255, 255); color: rgb(33, 47, 63);\">Quyền lợi</span></h3><p><span style=\"background-color: rgb(255, 255, 255); color: rgb(51, 51, 51);\">1. Chế độ lương &amp; thưởng hấp dẫn:</span></p><p><span style=\"background-color: rgb(255, 255, 255); color: rgb(51, 51, 51);\">- Mức lương thỏa thuận theo năng lực, đánh giá năng lực hàng năm</span></p><p><span style=\"background-color: rgb(255, 255, 255); color: rgb(51, 51, 51);\">- Chế độ thưởng phong phú và hấp dẫn (Theo quy định và chính sách công ty)</span></p><p><span style=\"background-color: rgb(255, 255, 255); color: rgb(51, 51, 51);\">- Hỗ trợ ăn sáng miễn phí</span></p><p><span style=\"background-color: rgb(255, 255, 255); color: rgb(51, 51, 51);\">- Hỗ trợ ăn trưa: 50.000đ/ngày</span></p><p><span style=\"background-color: rgb(255, 255, 255); color: rgb(51, 51, 51);\">- Hỗ trợ gửi xe, xăng xe, điện thoại (tùy vị trí)</span></p><p><span style=\"background-color: rgb(255, 255, 255); color: rgb(51, 51, 51);\">- Hỗ trợ trang điểm cho CBNV nữ</span></p><p><span style=\"background-color: rgb(255, 255, 255); color: rgb(51, 51, 51);\">- Quà tặng các ngày lễ trong năm</span></p><p><span style=\"background-color: rgb(255, 255, 255); color: rgb(51, 51, 51);\">2. Bảo hiểm &amp; chăm sóc sức khỏe toàn diện:</span></p><p><span style=\"background-color: rgb(255, 255, 255); color: rgb(51, 51, 51);\">- BHXH, BHYT, BHTN theo pháp luật hiện hành</span></p><p><span style=\"background-color: rgb(255, 255, 255); color: rgb(51, 51, 51);\">- Gói bảo hiểm sức khỏe cao cấp 24/7 mua cho nhân viên &amp; người thân nhân viên</span></p><p><span style=\"background-color: rgb(255, 255, 255); color: rgb(51, 51, 51);\">- Khám sức khỏe định kỳ hàng năm</span></p><p><span style=\"background-color: rgb(255, 255, 255); color: rgb(51, 51, 51);\">3. Môi trường làm việc hiện đại:</span></p><p><span style=\"background-color: rgb(255, 255, 255); color: rgb(51, 51, 51);\">- Cung cấp máy tính &amp; trang thiết bị làm việc hiện đại</span></p><p><span style=\"background-color: rgb(255, 255, 255); color: rgb(51, 51, 51);\">- Văn phòng làm việc hiện đại, trang thiết bị làm việc Hi- tech</span></p><p><span style=\"background-color: rgb(255, 255, 255); color: rgb(51, 51, 51);\">- Không gian ăn nhẹ miễn phí (nước uống, trà cafe, hoa quả, sữa chua)</span></p><p><span style=\"background-color: rgb(255, 255, 255); color: rgb(51, 51, 51);\">4. Phát triển nghề nghiệp:</span></p><p><span style=\"background-color: rgb(255, 255, 255); color: rgb(51, 51, 51);\">- Cơ hội tiếp cận với những công nghệ mới, những dự án quy mô lớn</span></p><p><span style=\"background-color: rgb(255, 255, 255); color: rgb(51, 51, 51);\">- Làm việc cùng đội ngũ hơn 1000 nhân sự tài năng, có chuyên môn giỏi, dày dặn kinh nghiệm, tư duy chia sẻ</span></p><p><span style=\"background-color: rgb(255, 255, 255); color: rgb(51, 51, 51);\">- Được tài trợ kinh phí tham gia các chương trình đào tạo nâng cao năng lực</span></p><p><span style=\"background-color: rgb(255, 255, 255); color: rgb(51, 51, 51);\">- Công ty thành lập hơn 16 năm với các sản phẩm &amp; dịch vụ đã được khẳng định vị thế trên thị trường</span></p><p><span style=\"background-color: rgb(255, 255, 255); color: rgb(51, 51, 51);\">5. Hoạt động ngoại khóa phong phú:</span></p><p><span style=\"background-color: rgb(255, 255, 255); color: rgb(51, 51, 51);\">- Văn hóa công ty đặc sắc với nhiều hoạt động đoàn thể được quan tâm đầu tư: Team building, Nghỉ mát (trong nước và nước ngoài), 20/10, Year End Party, hoạt động thiện nguyện,...</span></p><p><span style=\"background-color: rgb(255, 255, 255); color: rgb(51, 51, 51);\">- Các câu lạc bộ:</span></p><p><span style=\"background-color: rgb(255, 255, 255); color: rgb(51, 51, 51);\">CLB Cầu lông</span></p><p><span style=\"background-color: rgb(255, 255, 255); color: rgb(51, 51, 51);\">CLB Bóng đá</span></p><p><span style=\"background-color: rgb(255, 255, 255); color: rgb(51, 51, 51);\">CLB Yoga</span></p><p><span style=\"background-color: rgb(255, 255, 255); color: rgb(51, 51, 51);\">CLB Điền kinh</span></p><p><span style=\"background-color: rgb(255, 255, 255); color: rgb(51, 51, 51);\">CLB Bơi</span></p><p><span style=\"background-color: rgb(255, 255, 255); color: rgb(51, 51, 51);\">Chúng tôi sẽ liên hệ với những CV phù hợp trong vòng 7 ngày làm việc kể từ ngày ứng tuyển.</span></p><p><br></p>','2025-10-31 00:00:00.000000','SENIOR','Hà Nội','AI Engineer ',1,20000000,'2025-10-01 00:00:00.000000',37),(31,'2025-11-06 06:45:03.271298','admin@gmail.com','admin@gmail.com','2025-11-06 06:45:03.271298',_binary '','<p>212</p>','2026-11-02 00:00:00.000000','MIDDLE','21','212',1,121,'2025-11-20 00:00:00.000000',1),(32,'2025-11-06 07:43:11.230065','an01862698420@gmail.com','an01862698420@gmail.com','2025-11-06 07:43:11.230065',_binary '','<p>- Work directly with customers and project teams to build technical solutions, design databases, write documentation and deploy features.</p><p>- Participate in building microservice architecture and RESTful / event-driven APIs.</p><p>- Coordinate with colleagues and partners to ensure project quality and progress.</p><p>- Proactively research and propose technological initiatives to optimize system performance.</p><p>- Can work onsite at customer\'s company (depending on time and project situation)</p><p>- Participate in analyzing, designing and developing backend systems according to Agile/Scrum process.</p><p><br></p><h3><span style=\"color: rgb(33, 47, 63);\">Candidate requirements</span></h3><p>- Graduated from University or College majoring in IT, Mathematics, or equivalent.</p><p>- Have 01 year of experience in Java, Spring Boot, Spring Data JPA.</p><p>- Master the concepts of Object Oriented Programming (OOP), MVC.</p><p>- Master knowledge of data structures and algorithms.</p><p>- Used one of the relational databases (PostgreSQL, MySQL, Oracle) and NoSQL databases (Elasticsearch, Redis, MongoDB)</p><p>- Have knowledge and experience in building RESTful web services, web services, event-driven messages.</p><p>- Proficient in using some tools: Git, Jira, ...</p><p>- Good self-study ability, good thinking, able to withstand high work pressure.</p><p>- Ability to research and solve problems independently.</p><p>- Passionate about work, actively seeking new knowledge.</p><p>- Knowledge and experience with Kafka technology is preferred, Microservice is an advantage;</p><p>- Knowledge and experience in K8s deployment is preferred, docker is an advantage;</p><p><br></p>','0006-01-29 00:00:00.000000','SENIOR','Hà Nội','Backend Java Developer (Junior-Senior) ',1,45500000,'2025-11-26 00:00:00.000000',45),(33,'2025-11-25 13:56:17.629563','admin@gmail.com','admin@gmail.com','2025-11-25 13:56:17.629563',_binary '','<p>Chúng tôi đang tuyển dụng Lập trình viên Java/Spring Boot có kinh nghiệm để tham gia vào dự án xây dựng các ứng dụng microservices. Yêu cầu: - 5+ năm kinh nghiệm với Java và Spring Boot - Thành thạo với Spring Cloud, Docker, Kubernetes - Kinh nghiệm với OpenAPI/Swagger - Có khả năng làm việc nhóm, giao tiếp tốt - Bằng cấp Đại học ngành Công nghệ thông tin hoặc tương đương. Lợi ích: - Mức lương cạnh tranh - Môi trường làm việc chuyên nghiệp - Cơ hội học tập và phát triển sự nghiệp</p>','2026-11-13 00:00:00.000000','LEADER','Hà Nội','Lập trình viên Java/Spring Boot',1,200000000,'2025-11-04 00:00:00.000000',1),(34,'2025-11-30 00:05:39.327126','admin@gmail.com','admin@gmail.com','2025-11-30 00:05:39.327126',_binary '','<h3><span style=\"background-color: rgb(255, 255, 255); color: rgb(33, 47, 63);\">Mô tả công việc</span></h3><ol><li data-list=\"bullet\"><span class=\"ql-ui\" contenteditable=\"false\"></span><span style=\"background-color: rgb(255, 255, 255); color: rgb(51, 51, 51);\">Phát triển các ứng dụng tương tác sử dụng Unity liên quan đến hình ảnh 360 độ và mô hình 3D.</span></li><li data-list=\"bullet\"><span class=\"ql-ui\" contenteditable=\"false\"></span><span style=\"background-color: rgb(255, 255, 255); color: rgb(51, 51, 51);\">Tích hợp các tính năng điều hướng, tương tác và xử lý hình ảnh VR360.</span></li><li data-list=\"bullet\"><span class=\"ql-ui\" contenteditable=\"false\"></span><span style=\"background-color: rgb(255, 255, 255); color: rgb(51, 51, 51);\">Làm việc với nhóm thiết kế 3D để tối ưu hóa mô hình cho hiệu suất trên Unity.</span></li><li data-list=\"bullet\"><span class=\"ql-ui\" contenteditable=\"false\"></span><span style=\"background-color: rgb(255, 255, 255); color: rgb(51, 51, 51);\">Tích hợp các mô hình 3D (FBX, OBJ, GLB...) và quản lý ánh sáng, vật liệu, animation trong Unity.</span></li><li data-list=\"bullet\"><span class=\"ql-ui\" contenteditable=\"false\"></span><span style=\"background-color: rgb(255, 255, 255); color: rgb(51, 51, 51);\">Tham gia vào việc phát triển UI/UX trong môi trường 3D.</span></li><li data-list=\"bullet\"><span class=\"ql-ui\" contenteditable=\"false\"></span><span style=\"background-color: rgb(255, 255, 255); color: rgb(51, 51, 51);\">Đóng góp ý tưởng và giải pháp kỹ thuật để nâng cao chất lượng sản phẩm.</span></li></ol><h3><span style=\"background-color: rgb(255, 255, 255); color: rgb(33, 47, 63);\">Yêu cầu ứng viên</span></h3><ol><li data-list=\"bullet\"><span class=\"ql-ui\" contenteditable=\"false\"></span><span style=\"background-color: rgb(255, 255, 255); color: rgb(51, 51, 51);\">Tốt nghiệp Đại học chuyên ngành Công nghệ thông tin các trường HUST, UET, PTIT.</span></li><li data-list=\"bullet\"><span class=\"ql-ui\" contenteditable=\"false\"></span><span style=\"background-color: rgb(255, 255, 255); color: rgb(51, 51, 51);\">Có từ 3 năm kinh nghiệm phát triển ứng dụng với Unity và C#.</span></li><li data-list=\"bullet\"><span class=\"ql-ui\" contenteditable=\"false\"></span><span style=\"background-color: rgb(255, 255, 255); color: rgb(51, 51, 51);\">Thành thạo Unity 3D: scene setup, prefabs, vật liệu, ánh sáng, animation, camera.</span></li><li data-list=\"bullet\"><span class=\"ql-ui\" contenteditable=\"false\"></span><span style=\"background-color: rgb(255, 255, 255); color: rgb(51, 51, 51);\">Có kinh nghiệm làm việc với hình ảnh 360 độ hoặc các ứng dụng thực tế ảo (VR).</span></li><li data-list=\"bullet\"><span class=\"ql-ui\" contenteditable=\"false\"></span><span style=\"background-color: rgb(255, 255, 255); color: rgb(51, 51, 51);\">Kỹ năng xử lý logic, scripting bằng C# trong Unity.</span></li><li data-list=\"bullet\"><span class=\"ql-ui\" contenteditable=\"false\"></span><span style=\"background-color: rgb(255, 255, 255); color: rgb(51, 51, 51);\">Biết tối ưu hiệu năng ứng dụng (memory, frame rate...).</span></li><li data-list=\"bullet\"><span class=\"ql-ui\" contenteditable=\"false\"></span><span style=\"background-color: rgb(255, 255, 255); color: rgb(51, 51, 51);\">Có kinh nghiệm với WebGL, XR Plugin là một lợi thế.</span></li><li data-list=\"bullet\"><span class=\"ql-ui\" contenteditable=\"false\"></span><span style=\"background-color: rgb(255, 255, 255); color: rgb(51, 51, 51);\">Hiểu biết về VR, VR360, 3D models.</span></li></ol><h3><span style=\"background-color: rgb(255, 255, 255); color: rgb(33, 47, 63);\">Quyền lợi</span></h3><ol><li data-list=\"bullet\"><span class=\"ql-ui\" contenteditable=\"false\"></span><span style=\"background-color: rgb(255, 255, 255); color: rgb(51, 51, 51);\">Lương theo chế độ công ty.</span></li><li data-list=\"bullet\"><span class=\"ql-ui\" contenteditable=\"false\"></span><span style=\"background-color: rgb(255, 255, 255); color: rgb(51, 51, 51);\">Thưởng upto 3 tháng lương/năm.</span></li><li data-list=\"bullet\"><span class=\"ql-ui\" contenteditable=\"false\"></span><span style=\"background-color: rgb(255, 255, 255); color: rgb(51, 51, 51);\">Môi trường chuyên nghiệp, năng động, thân thiện, cơ hội thăng tiến.</span></li><li data-list=\"bullet\"><span class=\"ql-ui\" contenteditable=\"false\"></span><span style=\"background-color: rgb(255, 255, 255); color: rgb(51, 51, 51);\">Chế độ BHYT, BHXH theo Luật Lao động.</span></li><li data-list=\"bullet\"><span class=\"ql-ui\" contenteditable=\"false\"></span><span style=\"background-color: rgb(255, 255, 255); color: rgb(51, 51, 51);\">Khám sức khỏe định kỳ hàng năm.</span></li><li data-list=\"bullet\"><span class=\"ql-ui\" contenteditable=\"false\"></span><span style=\"background-color: rgb(255, 255, 255); color: rgb(51, 51, 51);\">Tham gia các hoạt động, sự kiện của công ty.</span></li><li data-list=\"bullet\"><span class=\"ql-ui\" contenteditable=\"false\"></span><span style=\"background-color: rgb(255, 255, 255); color: rgb(51, 51, 51);\">Tham gia các khóa đào tạo trong và ngoài nước.</span></li><li data-list=\"bullet\"><span class=\"ql-ui\" contenteditable=\"false\"></span><span style=\"background-color: rgb(255, 255, 255); color: rgb(51, 51, 51);\">Thời gian làm việc: Thứ 2 đến hết sáng thứ 7 (8h30-12h00;13h00-17h30).</span></li></ol><p><br></p>','2026-02-02 00:00:00.000000','SENIOR','Hà Nội','Unity Developer (Salary Up to 30 Million) ',1,30000000,'2025-02-12 00:00:00.000000',15),(35,'2025-11-30 01:41:18.677142','admin@gmail.com','admin@gmail.com','2025-11-30 01:41:18.677142',_binary '','<h3><span style=\"background-color: rgb(255, 255, 255); color: rgb(33, 47, 63);\">Mô tả công việc</span></h3><p><span style=\"background-color: rgb(255, 255, 255); color: rgb(51, 51, 51);\">1. Phát triển &amp; thiết kế hệ thống</span></p><ol><li data-list=\"bullet\"><span class=\"ql-ui\" contenteditable=\"false\"></span><span style=\"background-color: rgb(255, 255, 255); color: rgb(51, 51, 51);\">Phối hợp với PO, BA và SA để phân tích yêu cầu, đề xuất giải pháp kỹ thuật, mô hình dữ liệu và kiến trúc hệ thống phù hợp.</span></li><li data-list=\"bullet\"><span class=\"ql-ui\" contenteditable=\"false\"></span><span style=\"background-color: rgb(255, 255, 255); color: rgb(51, 51, 51);\">Thiết kế cơ sở dữ liệu, API, luồng xử lý nghiệp vụ, đảm bảo hiệu năng, khả năng mở rộng và bảo mật của hệ thống.</span></li><li data-list=\"bullet\"><span class=\"ql-ui\" contenteditable=\"false\"></span><span style=\"background-color: rgb(255, 255, 255); color: rgb(51, 51, 51);\">Phát triển tính năng mới và duy trì sản phẩm hiện có trên nền tảng .NET Core (Web API, MVC, Entity Framework, LINQ).</span></li><li data-list=\"bullet\"><span class=\"ql-ui\" contenteditable=\"false\"></span><span style=\"background-color: rgb(255, 255, 255); color: rgb(51, 51, 51);\">Tham gia review code, tối ưu hiệu năng truy vấn và hệ thống.</span></li><li data-list=\"bullet\"><span class=\"ql-ui\" contenteditable=\"false\"></span><span style=\"background-color: rgb(255, 255, 255); color: rgb(51, 51, 51);\">Viết tài liệu kỹ thuật, hướng dẫn coding convention, best practice cho nhóm phát triển.</span></li></ol><p><span style=\"background-color: rgb(255, 255, 255); color: rgb(51, 51, 51);\">2. Dẫn dắt &amp; hỗ trợ đội ngũ kỹ thuật</span></p><ol><li data-list=\"bullet\"><span class=\"ql-ui\" contenteditable=\"false\"></span><span style=\"background-color: rgb(255, 255, 255); color: rgb(51, 51, 51);\">Đóng vai trò kỹ thuật chủ chốt (technical lead) trong team: phân chia nhiệm vụ, hỗ trợ kỹ thuật, review output, mentoring thành viên junior.</span></li><li data-list=\"bullet\"><span class=\"ql-ui\" contenteditable=\"false\"></span><span style=\"background-color: rgb(255, 255, 255); color: rgb(51, 51, 51);\">Hướng dẫn chuyển đổi công nghệ (re-skill) cho thành viên từ Java sang .NET: hỗ trợ hiểu tương đồng framework, ORM, kiến trúc API và quy trình DevOps.</span></li><li data-list=\"bullet\"><span class=\"ql-ui\" contenteditable=\"false\"></span><span style=\"background-color: rgb(255, 255, 255); color: rgb(51, 51, 51);\">Phối hợp chặt chẽ với các bộ phận BA, QA, DevOps để đảm bảo chất lượng sản phẩm đầu ra.</span></li><li data-list=\"bullet\"><span class=\"ql-ui\" contenteditable=\"false\"></span><span style=\"background-color: rgb(255, 255, 255); color: rgb(51, 51, 51);\">Tham gia định hướng quy trình CI/CD, logging, monitoring, cùng PM và PO cải thiện hiệu quả phát triển.</span></li></ol><p><span style=\"background-color: rgb(255, 255, 255); color: rgb(51, 51, 51);\">3. Phối hợp triển khai và bảo trì</span></p><ol><li data-list=\"bullet\"><span class=\"ql-ui\" contenteditable=\"false\"></span><span style=\"background-color: rgb(255, 255, 255); color: rgb(51, 51, 51);\">Hỗ trợ phòng Triển khai/Hạ tầng trong việc tích hợp, cài đặt, cấu hình sản phẩm cho khách hàng doanh nghiệp.</span></li><li data-list=\"bullet\"><span class=\"ql-ui\" contenteditable=\"false\"></span><span style=\"background-color: rgb(255, 255, 255); color: rgb(51, 51, 51);\">Phân tích, khắc phục sự cố (troubleshooting) và tối ưu hoạt động của hệ thống sau triển khai.</span></li><li data-list=\"bullet\"><span class=\"ql-ui\" contenteditable=\"false\"></span><span style=\"background-color: rgb(255, 255, 255); color: rgb(51, 51, 51);\">Theo dõi và đảm bảo stability, scalability, và maintainability của hệ thống trong môi trường production.</span></li></ol><h3><span style=\"background-color: rgb(255, 255, 255); color: rgb(33, 47, 63);\">Yêu cầu ứng viên</span></h3><p><span style=\"background-color: rgb(255, 255, 255); color: rgb(51, 51, 51);\">1. Kỹ năng chuyên môn</span></p><ol><li data-list=\"bullet\"><span class=\"ql-ui\" contenteditable=\"false\"></span><span style=\"background-color: rgb(255, 255, 255); color: rgb(51, 51, 51);\">Tốt nghiệp chuyên ngành CNTT hoặc lĩnh vực liên quan.</span></li><li data-list=\"bullet\"><span class=\"ql-ui\" contenteditable=\"false\"></span><span style=\"background-color: rgb(255, 255, 255); color: rgb(51, 51, 51);\">Có từ 3–6 năm kinh nghiệm phát triển phần mềm .NET Core (C#, ASP.NET, API, Entity Framework, LINQ, RESTful).</span></li><li data-list=\"bullet\"><span class=\"ql-ui\" contenteditable=\"false\"></span><span style=\"background-color: rgb(255, 255, 255); color: rgb(51, 51, 51);\">Hiểu biết frontend framework (Angular / VueJS) ở mức triển khai thực tế.</span></li><li data-list=\"bullet\"><span class=\"ql-ui\" contenteditable=\"false\"></span><span style=\"background-color: rgb(255, 255, 255); color: rgb(51, 51, 51);\">Thành thạo làm việc với SQL Server / MySQL, hiểu biết tốt về tối ưu truy vấn, index, transaction.</span></li><li data-list=\"bullet\"><span class=\"ql-ui\" contenteditable=\"false\"></span><span style=\"background-color: rgb(255, 255, 255); color: rgb(51, 51, 51);\">Kinh nghiệm với Redis, RabbitMQ, Kafka hoặc Elasticsearch là một lợi thế rõ rệt.</span></li><li data-list=\"bullet\"><span class=\"ql-ui\" contenteditable=\"false\"></span><span style=\"background-color: rgb(255, 255, 255); color: rgb(51, 51, 51);\">Có kiến thức hoặc từng làm việc với Java (Spring Boot) — đủ để định hướng và hỗ trợ chuyển đổi kỹ thuật giữa hai nền tảng.</span></li><li data-list=\"bullet\"><span class=\"ql-ui\" contenteditable=\"false\"></span><span style=\"background-color: rgb(255, 255, 255); color: rgb(51, 51, 51);\">Ưu tiên ứng viên có kinh nghiệm xây dựng hoặc maintain hệ thống theo mô hình microservices / message queue / distributed system.</span></li><li data-list=\"bullet\"><span class=\"ql-ui\" contenteditable=\"false\"></span><span style=\"background-color: rgb(255, 255, 255); color: rgb(51, 51, 51);\">Nắm vững Design Patterns và các kỹ thuật và mô hình phát triển phần mềm như Clean Architecture, CQRS, DDD và áp dụng hiệu quả trong thực tế</span></li><li data-list=\"bullet\"><span class=\"ql-ui\" contenteditable=\"false\"></span><span style=\"background-color: rgb(255, 255, 255); color: rgb(51, 51, 51);\">Có kinh nghiệm thiết kế kiến trúc và dựng base project (xây dựng nền tảng khởi tạo cho các dự án mới).</span></li><li data-list=\"bullet\"><span class=\"ql-ui\" contenteditable=\"false\"></span><span style=\"background-color: rgb(255, 255, 255); color: rgb(51, 51, 51);\">Nắm chắc và có kinh nghiệm triển khai hệ thống với Redis, Elasticsearch, RabbitMQ hoặc Kafka</span></li></ol><p><span style=\"background-color: rgb(255, 255, 255); color: rgb(51, 51, 51);\">2. Kỹ năng mềm &amp; vai trò lãnh đạo</span></p><ol><li data-list=\"bullet\"><span class=\"ql-ui\" contenteditable=\"false\"></span><span style=\"background-color: rgb(255, 255, 255); color: rgb(51, 51, 51);\">Có kinh nghiệm lead nhóm kỹ thuật (3–6 người), mentoring hoặc code review.</span></li><li data-list=\"bullet\"><span class=\"ql-ui\" contenteditable=\"false\"></span><span style=\"background-color: rgb(255, 255, 255); color: rgb(51, 51, 51);\">Khả năng đề xuất giải pháp kiến trúc và đưa ra quyết định kỹ thuật hợp lý.</span></li><li data-list=\"bullet\"><span class=\"ql-ui\" contenteditable=\"false\"></span><span style=\"background-color: rgb(255, 255, 255); color: rgb(51, 51, 51);\">Có tư duy logic, sáng tạo, tinh thần trách nhiệm cao và kỹ năng quản lý thời gian tốt.</span></li><li data-list=\"bullet\"><span class=\"ql-ui\" contenteditable=\"false\"></span><span style=\"background-color: rgb(255, 255, 255); color: rgb(51, 51, 51);\">Làm việc tốt trong môi trường Agile/Scrum, sử dụng thành thạo Jira / GitLab / CI/CD.</span></li><li data-list=\"bullet\"><span class=\"ql-ui\" contenteditable=\"false\"></span><span style=\"background-color: rgb(255, 255, 255); color: rgb(51, 51, 51);\">Có khả năng giao tiếp, chia sẻ và huấn luyện kỹ thuật nội bộ.</span></li><li data-list=\"bullet\"><span class=\"ql-ui\" contenteditable=\"false\"></span><span style=\"background-color: rgb(255, 255, 255); color: rgb(51, 51, 51);\">Tư duy sản phẩm, chủ động học hỏi công nghệ mới, định hướng cải tiến hệ thống dài hạn.</span></li></ol><h3><span style=\"background-color: rgb(255, 255, 255); color: rgb(33, 47, 63);\">Quyền lợi</span></h3><ol><li data-list=\"bullet\"><span class=\"ql-ui\" contenteditable=\"false\"></span><span style=\"background-color: rgb(255, 255, 255); color: rgb(51, 51, 51);\">Thu nhập: 15 – 25M</span></li><li data-list=\"bullet\"><span class=\"ql-ui\" contenteditable=\"false\"></span><span style=\"background-color: rgb(255, 255, 255); color: rgb(51, 51, 51);\">Thời gian làm việc: Thứ 2 – Thứ 6. Nghỉ Thứ 7, Chủ nhật.</span></li><li data-list=\"bullet\"><span class=\"ql-ui\" contenteditable=\"false\"></span><span style=\"background-color: rgb(255, 255, 255); color: rgb(51, 51, 51);\">Nghỉ phép, nghỉ Lễ Tết, đóng BHXH, BHYT, BHTN theo quy định của Luật lao động</span></li><li data-list=\"bullet\"><span class=\"ql-ui\" contenteditable=\"false\"></span><span style=\"background-color: rgb(255, 255, 255); color: rgb(51, 51, 51);\">Review lương định kỳ 1 lần/năm hoặc tùy theo kết quả thực hiện công việc</span></li><li data-list=\"bullet\"><span class=\"ql-ui\" contenteditable=\"false\"></span><span style=\"background-color: rgb(255, 255, 255); color: rgb(51, 51, 51);\">Khám sức khỏe định kỳ tại bệnh viện tiêu chuẩn quốc tế</span></li></ol><h3><span style=\"background-color: rgb(255, 255, 255); color: rgb(0, 0, 0);\">Phụ cấp</span></h3><p><span style=\"background-color: rgb(255, 255, 255); color: rgb(51, 51, 51);\">Ăn trưa</span></p><h3><span style=\"background-color: rgb(255, 255, 255); color: rgb(0, 0, 0);\">Quyền lợi</span></h3><p><span style=\"background-color: rgb(255, 255, 255); color: rgb(51, 51, 51);\">Bảo hiểm xã hội, Khám sức khỏe định kỳ, Team building, Du lịch hàng năm, Thưởng tháng 13</span></p><h3><span style=\"background-color: rgb(255, 255, 255); color: rgb(33, 47, 63);\">Địa điểm làm việc </span><em style=\"background-color: rgb(255, 255, 255); color: rgb(33, 47, 63);\">(đã được cập nhật theo Danh mục Hành chính mới)</em></h3><p><span style=\"background-color: rgb(255, 255, 255); color: rgb(51, 51, 51);\">- Hà Nội: 266 Đội Cấn, Phường Ngọc Hà</span></p><h3><span style=\"background-color: rgb(255, 255, 255); color: rgb(33, 47, 63);\">Thời gian làm việc</span></h3><p><span style=\"background-color: rgb(255, 255, 255); color: rgb(33, 47, 63);\">Thứ 2 - Thứ 6 (từ 08:30 đến 18:00)</span></p><h3><span style=\"background-color: rgb(255, 255, 255); color: rgb(33, 47, 63);\">Cách thức ứng tuyển</span></h3><p><span style=\"background-color: rgb(255, 255, 255); color: rgb(51, 51, 51);\">Ứng viên nộp hồ sơ trực tuyến bằng cách bấm </span><strong style=\"background-color: rgb(255, 255, 255); color: rgb(51, 51, 51);\">Ứng tuyển</strong><span style=\"background-color: rgb(255, 255, 255); color: rgb(51, 51, 51);\"> ngay dưới đây.</span></p><p><br></p>','0006-04-14 00:00:00.000000','SENIOR','Hà Nội','Senior .Net Developer ',4,25000000,'2025-11-30 00:00:00.000000',5),(36,'2025-11-30 01:42:35.066157','admin@gmail.com','admin@gmail.com','2025-11-30 01:42:35.066157',_binary '','<h3><span style=\"background-color: rgb(255, 255, 255); color: rgb(33, 47, 63);\">Mô tả công việc</span></h3><p><span style=\"background-color: rgb(255, 255, 255); color: rgb(51, 51, 51);\">Location: Hanoi (Hybrid/Flexible working policy)</span></p><p><span style=\"background-color: rgb(255, 255, 255); color: rgb(51, 51, 51);\">Department: Product team</span></p><p><span style=\"background-color: rgb(255, 255, 255); color: rgb(51, 51, 51);\">About the Role</span></p><p><span style=\"background-color: rgb(255, 255, 255); color: rgb(51, 51, 51);\">We are looking for a Fullstack Developer (Backend focused) who is passionate about building scalable systems and has strong experience with infrastructure and deployment environments. You will be responsible for designing, implementing, and maintaining backend services that power our products — ensuring performance, reliability, and security.</span></p><p><span style=\"background-color: rgb(255, 255, 255); color: rgb(51, 51, 51);\">Key Responsibilities</span></p><ol><li data-list=\"bullet\"><span class=\"ql-ui\" contenteditable=\"false\"></span><span style=\"background-color: rgb(255, 255, 255); color: rgb(51, 51, 51);\">Develop, optimize, and maintain backend services and APIs using Python (FastAPI / Django / Flask).</span></li><li data-list=\"bullet\"><span class=\"ql-ui\" contenteditable=\"false\"></span><span style=\"background-color: rgb(255, 255, 255); color: rgb(51, 51, 51);\">Design scalable, high-performance architectures to support growing system demands.</span></li><li data-list=\"bullet\"><span class=\"ql-ui\" contenteditable=\"false\"></span><span style=\"background-color: rgb(255, 255, 255); color: rgb(51, 51, 51);\">Work closely with DevOps and Infrastructure teams to ensure efficient deployment, monitoring, and reliability (CI/CD, Docker, Kubernetes, etc.).</span></li><li data-list=\"bullet\"><span class=\"ql-ui\" contenteditable=\"false\"></span><span style=\"background-color: rgb(255, 255, 255); color: rgb(51, 51, 51);\">Implement automated testing, code reviews, and continuous integration.</span></li><li data-list=\"bullet\"><span class=\"ql-ui\" contenteditable=\"false\"></span><span style=\"background-color: rgb(255, 255, 255); color: rgb(51, 51, 51);\">Troubleshoot performance bottlenecks, optimize database queries, and improve system stability.</span></li><li data-list=\"bullet\"><span class=\"ql-ui\" contenteditable=\"false\"></span><span style=\"background-color: rgb(255, 255, 255); color: rgb(51, 51, 51);\">Collaborate cross-functionally with Product, and QA teams to deliver seamless user experiences.</span></li><li data-list=\"bullet\"><span class=\"ql-ui\" contenteditable=\"false\"></span><span style=\"background-color: rgb(255, 255, 255); color: rgb(51, 51, 51);\">Willing code Frontend</span></li></ol><p><br></p><h3><span style=\"background-color: rgb(255, 255, 255); color: rgb(33, 47, 63);\">Yêu cầu ứng viên</span></h3><ol><li data-list=\"bullet\"><span class=\"ql-ui\" contenteditable=\"false\"></span><span style=\"background-color: rgb(255, 255, 255); color: rgb(51, 51, 51);\">3+ years of backend development experience with Python/ VueJS, or other languages such as Go, NodeJS, Java</span></li><li data-list=\"bullet\"><span class=\"ql-ui\" contenteditable=\"false\"></span><span style=\"background-color: rgb(255, 255, 255); color: rgb(51, 51, 51);\">Solid understanding of API design, microservices architecture, and RESTful principles.</span></li><li data-list=\"bullet\"><span class=\"ql-ui\" contenteditable=\"false\"></span><span style=\"background-color: rgb(255, 255, 255); color: rgb(51, 51, 51);\">Experience with cloud platforms (AWS / GCP / Azure) and infrastructure tools such as Terraform, Ansible, or similar is a plus.</span></li><li data-list=\"bullet\"><span class=\"ql-ui\" contenteditable=\"false\"></span><span style=\"background-color: rgb(255, 255, 255); color: rgb(51, 51, 51);\">Experience with Docker, Kubernetes, and CI/CD pipelines.</span></li><li data-list=\"bullet\"><span class=\"ql-ui\" contenteditable=\"false\"></span><span style=\"background-color: rgb(255, 255, 255); color: rgb(51, 51, 51);\">Familiar with PostgreSQL / MySQL / Redis / RabbitMQ or other database systems.</span></li><li data-list=\"bullet\"><span class=\"ql-ui\" contenteditable=\"false\"></span><span style=\"background-color: rgb(255, 255, 255); color: rgb(51, 51, 51);\">Experience with monitoring and logging tools (Prometheus, Grafana, ELK, etc.) is a plus.</span></li><li data-list=\"bullet\"><span class=\"ql-ui\" contenteditable=\"false\"></span><span style=\"background-color: rgb(255, 255, 255); color: rgb(51, 51, 51);\">Strong problem-solving skills, ownership mindset, and attention to detail.</span></li></ol><h3><span style=\"background-color: rgb(255, 255, 255); color: rgb(33, 47, 63);\">Quyền lợi</span></h3><p><span style=\"background-color: rgb(255, 255, 255); color: rgb(51, 51, 51);\">You\'ll find this place irresistible</span></p><p><span style=\"background-color: rgb(255, 255, 255); color: rgb(51, 51, 51);\">Enjoy top-tier compensation, including:</span></p><ol><li data-list=\"bullet\"><span class=\"ql-ui\" contenteditable=\"false\"></span><span style=\"background-color: rgb(255, 255, 255); color: rgb(51, 51, 51);\">Monthly NET take-home pay that leaves you smiling</span></li><li data-list=\"bullet\"><span class=\"ql-ui\" contenteditable=\"false\"></span><span style=\"background-color: rgb(255, 255, 255); color: rgb(51, 51, 51);\">13th-month salary</span></li><li data-list=\"bullet\"><span class=\"ql-ui\" contenteditable=\"false\"></span><span style=\"background-color: rgb(255, 255, 255); color: rgb(51, 51, 51);\">24 remote working days per year</span></li><li data-list=\"bullet\"><span class=\"ql-ui\" contenteditable=\"false\"></span><span style=\"background-color: rgb(255, 255, 255); color: rgb(51, 51, 51);\">12 days of annual paid leave</span></li><li data-list=\"bullet\"><span class=\"ql-ui\" contenteditable=\"false\"></span><span style=\"background-color: rgb(255, 255, 255); color: rgb(51, 51, 51);\">Flexible working time, from Monday to Friday; weekends are yours</span></li><li data-list=\"bullet\"><span class=\"ql-ui\" contenteditable=\"false\"></span><span style=\"background-color: rgb(255, 255, 255); color: rgb(51, 51, 51);\">Company trips and team bonding activities</span></li><li data-list=\"bullet\"><span class=\"ql-ui\" contenteditable=\"false\"></span><span style=\"background-color: rgb(255, 255, 255); color: rgb(51, 51, 51);\">Elevate your creativity and productivity in our modern workspace</span></li><li data-list=\"bullet\"><span class=\"ql-ui\" contenteditable=\"false\"></span><span style=\"background-color: rgb(255, 255, 255); color: rgb(51, 51, 51);\">Especially:</span></li><li data-list=\"bullet\"><span class=\"ql-ui\" contenteditable=\"false\"></span><span style=\"background-color: rgb(255, 255, 255); color: rgb(51, 51, 51);\">Shine like a rock star in our fast-growing global B2B SaaS squad</span></li><li data-list=\"bullet\"><span class=\"ql-ui\" contenteditable=\"false\"></span><span style=\"background-color: rgb(255, 255, 255); color: rgb(51, 51, 51);\">Blaze a trail to success with our super-fast career track</span></li><li data-list=\"bullet\"><span class=\"ql-ui\" contenteditable=\"false\"></span><span style=\"background-color: rgb(255, 255, 255); color: rgb(51, 51, 51);\">Collaborate with the brightest and coolest minds from across the globe</span></li><li data-list=\"bullet\"><span class=\"ql-ui\" contenteditable=\"false\"></span><span style=\"background-color: rgb(255, 255, 255); color: rgb(51, 51, 51);\">Be yourself, knowing you\'re valued and groomed to be your absolute best.</span></li></ol><h3><span style=\"background-color: rgb(255, 255, 255); color: rgb(0, 0, 0);\">Phụ cấp</span></h3><p><span style=\"background-color: rgb(255, 255, 255); color: rgb(51, 51, 51);\">Ăn trưa</span></p><h3><span style=\"background-color: rgb(255, 255, 255); color: rgb(0, 0, 0);\">Thiết bị làm việc</span></h3><p><span style=\"background-color: rgb(255, 255, 255); color: rgb(51, 51, 51);\">Được cấp Máy tính</span></p><h3><span style=\"background-color: rgb(255, 255, 255); color: rgb(0, 0, 0);\">Quyền lợi</span></h3><p><span style=\"background-color: rgb(255, 255, 255); color: rgb(51, 51, 51);\">Thưởng tháng 13, Bảo hiểm xã hội, Team building</span></p><h3><span style=\"background-color: rgb(255, 255, 255); color: rgb(33, 47, 63);\">Địa điểm làm việc </span><em style=\"background-color: rgb(255, 255, 255); color: rgb(33, 47, 63);\">(đã được cập nhật theo Danh mục Hành chính mới)</em></h3><p><span style=\"background-color: rgb(255, 255, 255); color: rgb(51, 51, 51);\">- Hà Nội: Phường Đống Đa</span></p><h3><span style=\"background-color: rgb(255, 255, 255); color: rgb(33, 47, 63);\">Thời gian làm việc</span></h3><p><span style=\"background-color: rgb(255, 255, 255); color: rgb(33, 47, 63);\">Thứ 2 - Thứ 6 (từ 09:00 đến 18:00)</span></p><p><br></p>','2026-02-15 00:00:00.000000','MIDDLE','Hà Nội','Middle/ Senior Fullstack Developer (Backend Focused)',3,50000000,'2025-12-02 00:00:00.000000',12),(37,'2025-11-30 01:43:53.668741','admin@gmail.com','admin@gmail.com','2025-11-30 01:43:53.668741',_binary '','<h3><span style=\"background-color: rgb(255, 255, 255); color: rgb(33, 47, 63);\">Mô tả công việc</span></h3><p><em style=\"background-color: rgb(255, 255, 255); color: rgb(51, 51, 51);\">Trong suốt hành trình gần 31 năm tiên phong, MISA tự hào là công ty hàng đầu Việt Nam cung cấp giải pháp chuyển đổi số toàn diện SaaS (Software-as-a-Service) với gần 60 sản phẩm, ứng dụng cho 350.000 khách hàng là cơ quan nhà nước, doanh nghiệp, hộ kinh doanh và 3.5 triệu khách hàng cá nhân tại Việt Nam và 22 quốc gia trên thế giới. MISA vinh dự khi được đồng hành cùng các Bộ, ban, ngành trong chương trình Chuyển đổi số quốc gia, tự động hóa hoạt động quản lý, kinh doanh, giúp nâng cao năng suất và góp phần vào sự phát triển chung của Việt Nam.</em></p><p><em style=\"background-color: rgb(255, 255, 255); color: rgb(51, 51, 51);\">Với tinh thần \"Nỗ lực sáng tạo vì một thế giới thông minh bằng sản phẩm công nghệ trí tuệ Việt\", chúng tôi mong muốn được đồng hành cùng bạn, kiến tạo nên những thành tựu đột phá.</em></p><p><strong style=\"background-color: rgb(255, 255, 255); color: rgb(51, 51, 51);\">Mô tả công việc</strong></p><ol><li data-list=\"bullet\"><span class=\"ql-ui\" contenteditable=\"false\"></span><span style=\"background-color: rgb(255, 255, 255); color: rgb(51, 51, 51);\">Phát triển các sản phẩm của công ty trên nền tảng IOS</span></li><li data-list=\"bullet\"><span class=\"ql-ui\" contenteditable=\"false\"></span><span style=\"background-color: rgb(255, 255, 255); color: rgb(51, 51, 51);\">Tìm hiểu, nghiên cứu các công nghệ mới theo định hướng phát triển của công ty</span></li></ol><h3><span style=\"background-color: rgb(255, 255, 255); color: rgb(33, 47, 63);\">Yêu cầu ứng viên</span></h3><ol><li data-list=\"bullet\"><span class=\"ql-ui\" contenteditable=\"false\"></span><span style=\"background-color: rgb(255, 255, 255); color: rgb(51, 51, 51);\">Độ tuổi: 22 – 28.</span></li><li data-list=\"bullet\"><span class=\"ql-ui\" contenteditable=\"false\"></span><span style=\"background-color: rgb(255, 255, 255); color: rgb(51, 51, 51);\">Tốt nghiệp CĐ, ĐH chuyên ngành CNTT, kĩ thuật phần mềm... hoặc tốt nghiệp các trường đào tạo lập trình viên Quốc Tế (NIIT, Aptech) trở lên.</span></li><li data-list=\"bullet\"><span class=\"ql-ui\" contenteditable=\"false\"></span><span style=\"background-color: rgb(255, 255, 255); color: rgb(51, 51, 51);\">Tối thiểu 1.5 năm kinh nghiệm lập trình iOS.</span></li><li data-list=\"bullet\"><span class=\"ql-ui\" contenteditable=\"false\"></span><span style=\"background-color: rgb(255, 255, 255); color: rgb(51, 51, 51);\">Hiểu biết sâu về OOP, cấu trúc dữ liệu &amp; giải thuật.</span></li><li data-list=\"bullet\"><span class=\"ql-ui\" contenteditable=\"false\"></span><span style=\"background-color: rgb(255, 255, 255); color: rgb(51, 51, 51);\">Sử dụng thành thạo các công cụ lập trình như Xcode.</span></li><li data-list=\"bullet\"><span class=\"ql-ui\" contenteditable=\"false\"></span><span style=\"background-color: rgb(255, 255, 255); color: rgb(51, 51, 51);\">Thành thạo một trong các ngôn ngữ Objective-C/Swift.</span></li><li data-list=\"bullet\"><span class=\"ql-ui\" contenteditable=\"false\"></span><span style=\"background-color: rgb(255, 255, 255); color: rgb(51, 51, 51);\">Thành thạo ngôn ngữ flutter là một lợi thế.</span></li><li data-list=\"bullet\"><span class=\"ql-ui\" contenteditable=\"false\"></span><span style=\"background-color: rgb(255, 255, 255); color: rgb(51, 51, 51);\">Nắm vững các UI control, layout và animation trong iOS, có khả năng customize và tối ưu giao diện.</span></li><li data-list=\"bullet\"><span class=\"ql-ui\" contenteditable=\"false\"></span><span style=\"background-color: rgb(255, 255, 255); color: rgb(51, 51, 51);\">Có kinh nghiệm lập trình giao tiếp giữa mobile và server qua các giao thức TCP/IP, HTTP, nắm vững XML, Json.</span></li><li data-list=\"bullet\"><span class=\"ql-ui\" contenteditable=\"false\"></span><span style=\"background-color: rgb(255, 255, 255); color: rgb(51, 51, 51);\">Có hiểu biết về các kiến trúc phát triển di động: MVP, MVVM, Clean Architechture,...</span></li><li data-list=\"bullet\"><span class=\"ql-ui\" contenteditable=\"false\"></span><span style=\"background-color: rgb(255, 255, 255); color: rgb(51, 51, 51);\">Sử dụng thành thạo các công cụ quản lý source code (git), quản lý dự án (Jira).</span></li></ol><h3><span style=\"background-color: rgb(255, 255, 255); color: rgb(33, 47, 63);\">Quyền lợi</span></h3><p><strong style=\"background-color: rgb(255, 255, 255); color: rgb(51, 51, 51);\">Nền tảng vững chắc cho phát triển sự nghiệp, thăng tiến, quyền lợi</strong></p><ol><li data-list=\"bullet\"><span class=\"ql-ui\" contenteditable=\"false\"></span><span style=\"background-color: rgb(255, 255, 255); color: rgb(51, 51, 51);\">Lương cứng cạnh tranh. Thưởng năng suất dựa trên kết quả công việc từ 2 tháng lương.</span></li><li data-list=\"bullet\"><span class=\"ql-ui\" contenteditable=\"false\"></span><span style=\"background-color: rgb(255, 255, 255); color: rgb(51, 51, 51);\">Đánh giá review lương 2 lần/năm, thưởng sáng kiến...</span></li><li data-list=\"bullet\"><span class=\"ql-ui\" contenteditable=\"false\"></span><span style=\"background-color: rgb(255, 255, 255); color: rgb(51, 51, 51);\">Trợ cấp cơm trưa + gửi xe miễn phí</span></li><li data-list=\"bullet\"><span class=\"ql-ui\" contenteditable=\"false\"></span><span style=\"background-color: rgb(255, 255, 255); color: rgb(51, 51, 51);\">Huấn luyện “Hổ tướng”: chương trình đào tạo quản lý tài năng, bệ phóng trở thành Chiến tướng tinh nhuệ</span></li><li data-list=\"bullet\"><span class=\"ql-ui\" contenteditable=\"false\"></span><span style=\"background-color: rgb(255, 255, 255); color: rgb(51, 51, 51);\">Giải thưởng “Gấu vàng\": nơi tôn vinh những tài năng xuất sắc nhất</span></li><li data-list=\"bullet\"><span class=\"ql-ui\" contenteditable=\"false\"></span><span style=\"background-color: rgb(255, 255, 255); color: rgb(51, 51, 51);\">Gói chăm sóc sức khỏe toàn diện tại Medlatec, cháy hết mình tại các CLB theo sở thích, chương trình teambuilding, du lịch định kỳ</span></li></ol><p><strong style=\"background-color: rgb(255, 255, 255); color: rgb(51, 51, 51);\">Tiên phong công nghệ, uy tín</strong></p><ol><li data-list=\"bullet\"><span class=\"ql-ui\" contenteditable=\"false\"></span><span style=\"background-color: rgb(255, 255, 255); color: rgb(51, 51, 51);\">MISA là doanh nghiệp CNTT xuất sắc nhất khu vực Châu Á - Châu Đại Dương. Tiên phong xuất khẩu giải pháp SaaS</span></li><li data-list=\"bullet\"><span class=\"ql-ui\" contenteditable=\"false\"></span><span style=\"background-color: rgb(255, 255, 255); color: rgb(51, 51, 51);\">TOP đầu doanh nghiệp CNTT tăng trưởng liên tục với quy mô nhân sự tăng 20%/năm, doanh thu tăng 15%/năm</span></li><li data-list=\"bullet\"><span class=\"ql-ui\" contenteditable=\"false\"></span><span style=\"background-color: rgb(255, 255, 255); color: rgb(51, 51, 51);\">Hội tụ 3000 nhân tài cùng khát vọng đưa sản phẩm công nghệ “Make In Vietnam” vươn tầm quốc tế</span></li><li data-list=\"bullet\"><span class=\"ql-ui\" contenteditable=\"false\"></span><span style=\"background-color: rgb(255, 255, 255); color: rgb(51, 51, 51);\">Xây dựng niềm tin với 270.000 khách hàng là đơn vị HCSN, doanh nghiệp, 2.5 triệu khách hàng cá nhân tại Việt Nam và 20 quốc gia</span></li><li data-list=\"bullet\"><span class=\"ql-ui\" contenteditable=\"false\"></span><span style=\"background-color: rgb(255, 255, 255); color: rgb(51, 51, 51);\">Hơn 100 giải thưởng trong ngành CNTT trong nước và quốc tế</span></li></ol><p><strong style=\"background-color: rgb(255, 255, 255); color: rgb(51, 51, 51);\">Môi trường thân thiện, chia sẻ, đồng hành</strong></p><ol><li data-list=\"bullet\"><span class=\"ql-ui\" contenteditable=\"false\"></span><span style=\"background-color: rgb(255, 255, 255); color: rgb(51, 51, 51);\">Kết nối tài năng: tập trung phát triển những con người có chung lý tưởng, mục tiêu, cùng trao giá trị và nhận thành công</span></li><li data-list=\"bullet\"><span class=\"ql-ui\" contenteditable=\"false\"></span><span style=\"background-color: rgb(255, 255, 255); color: rgb(51, 51, 51);\">Tư duy đột phá: môi trường tôn trọng sự khác biệt và đề cao sáng tạo, MISA-er được tự do phát triển các ý tưởng tiến bộ, cải tiến công việc</span></li><li data-list=\"bullet\"><span class=\"ql-ui\" contenteditable=\"false\"></span><span style=\"background-color: rgb(255, 255, 255); color: rgb(51, 51, 51);\">Công nghệ cao: trang bị máy tính làm việc, tối ưu hiệu suất công việc bằng ứng dụng công nghệ, phần mềm tự động (AMIS, Jira, Power BI, AI Marketing,...)</span></li><li data-list=\"bullet\"><span class=\"ql-ui\" contenteditable=\"false\"></span><span style=\"background-color: rgb(255, 255, 255); color: rgb(51, 51, 51);\">Nơi làm việc hạnh phúc: MISA mong muốn tạo một môi trường làm việc để bạn luôn cảm thấy hạnh phúc</span></li></ol><h3><span style=\"background-color: rgb(255, 255, 255); color: rgb(0, 0, 0);\">Phụ cấp</span></h3><p><span style=\"background-color: rgb(255, 255, 255); color: rgb(51, 51, 51);\">Ăn trưa</span></p><h3><span style=\"background-color: rgb(255, 255, 255); color: rgb(0, 0, 0);\">Thiết bị làm việc</span></h3><p><span style=\"background-color: rgb(255, 255, 255); color: rgb(51, 51, 51);\">Được cấp Máy tính</span></p><h3><span style=\"background-color: rgb(255, 255, 255); color: rgb(0, 0, 0);\">Quyền lợi</span></h3><p><span style=\"background-color: rgb(255, 255, 255); color: rgb(51, 51, 51);\">Bảo hiểm xã hội, Khám sức khỏe định kỳ, Team building, Thưởng hiệu quả làm việc</span></p><h3><span style=\"background-color: rgb(255, 255, 255); color: rgb(33, 47, 63);\">Địa điểm làm việc </span><em style=\"background-color: rgb(255, 255, 255); color: rgb(33, 47, 63);\">(đã được cập nhật theo Danh mục Hành chính mới)</em></h3><p><span style=\"background-color: rgb(255, 255, 255); color: rgb(51, 51, 51);\">- Hà Nội: Tầng 2, Toà N03T1, Khu đô thị Ngoại giao đoàn, Phường Xuân Đỉnh</span></p><h3><span style=\"background-color: rgb(255, 255, 255); color: rgb(33, 47, 63);\">Thời gian làm việc</span></h3><p><span style=\"background-color: rgb(255, 255, 255); color: rgb(33, 47, 63);\">Thứ 2 - Thứ 6 (từ 08:00 đến 17:30)</span></p><p><br></p>','2026-02-01 00:00:00.000000','SENIOR','Hà Nội','Lập Trình Viên Flutter/IOS',1,40000000,'2025-12-02 00:00:00.000000',39);
/*!40000 ALTER TABLE `jobs` ENABLE KEYS */;
UNLOCK TABLES;

--
-- Table structure for table `permissions`
--

DROP TABLE IF EXISTS `permissions`;
/*!40101 SET @saved_cs_client     = @@character_set_client */;
/*!50503 SET character_set_client = utf8mb4 */;
CREATE TABLE `permissions` (
  `id` bigint NOT NULL AUTO_INCREMENT,
  `created_at` datetime(6) DEFAULT NULL,
  `created_by` varchar(255) DEFAULT NULL,
  `modified_by` varchar(255) DEFAULT NULL,
  `updated_at` datetime(6) DEFAULT NULL,
  `api_path` varchar(255) NOT NULL,
  `method` varchar(255) NOT NULL,
  `module` varchar(255) NOT NULL,
  `name` varchar(255) NOT NULL,
  PRIMARY KEY (`id`)
) ENGINE=InnoDB AUTO_INCREMENT=64 DEFAULT CHARSET=utf8mb4 COLLATE=utf8mb4_0900_ai_ci;
/*!40101 SET character_set_client = @saved_cs_client */;

--
-- Dumping data for table `permissions`
--

LOCK TABLES `permissions` WRITE;
/*!40000 ALTER TABLE `permissions` DISABLE KEYS */;
INSERT INTO `permissions` VALUES (6,'2025-07-12 10:29:53.249224','admin@gmail.com','admin@gmail.com','2025-07-12 10:31:30.052370','/users','GET','USER','Lấy danh sách User'),(7,'2025-07-12 10:30:24.113163','admin@gmail.com','admin@gmail.com','2025-07-12 10:31:37.757513','/users','PUT','USER','Cập nhật User'),(8,'2025-07-12 10:32:17.815563','admin@gmail.com','admin@gmail.com','2025-07-12 10:32:17.815563','/users','POST','USER','Tạo User'),(9,'2025-07-12 10:34:25.989081','admin@gmail.com','admin@gmail.com','2025-07-12 10:34:25.989081','/users/{id}','GET','USER','Tìm User theo id'),(10,'2025-07-12 10:35:06.546555','admin@gmail.com','admin@gmail.com','2025-07-12 10:35:06.546555','/users/{id}','DELETE','USER','Xóa User theo id'),(11,'2025-07-13 09:46:56.674094','admin@gmail.com','admin@gmail.com','2025-07-13 09:49:24.608215','/skills','POST','SKILL','Tạo Skill'),(12,'2025-07-13 09:47:15.298000','admin@gmail.com','admin@gmail.com','2025-07-13 09:47:15.298000','/skills','GET','SKILL','Lấy danh sách Skill'),(13,'2025-07-13 09:48:01.662749','admin@gmail.com','admin@gmail.com','2025-07-13 09:48:01.662749','/skills/{id}','GET','SKILL','Lấy Skill theo id'),(14,'2025-07-13 09:48:22.758295','admin@gmail.com','admin@gmail.com','2025-07-13 09:48:22.758295','/skills','PUT','SKILL','Cập nhật Skill'),(15,'2025-07-13 09:49:03.600776','admin@gmail.com','admin@gmail.com','2025-07-13 09:49:03.600776','/skills/{id}','DELETE','SKILL','Xóa Skill theo id'),(16,'2025-07-16 15:11:04.499728','admin@gmail.com','admin@gmail.com','2025-07-16 15:11:04.499728','/companies','POST','COMPANY','Tạo Company'),(17,'2025-07-16 15:11:24.271446','admin@gmail.com','admin@gmail.com','2025-07-16 15:11:24.271446','/companies/{id}','PUT','COMPANY','Cập nhật Company theo id'),(18,'2025-07-16 15:11:44.078473','admin@gmail.com','admin@gmail.com','2025-07-16 15:11:44.078473','/companies','GET','COMPANY','Lấy danh sách Company'),(19,'2025-07-16 15:12:06.652610','admin@gmail.com','admin@gmail.com','2025-07-16 15:12:06.652610','/companies/with-jobs-count','GET','COMPANY','Lấy danh sách Company kèm với số lượng nghề'),(20,'2025-07-16 15:12:24.416800','admin@gmail.com','admin@gmail.com','2025-07-16 15:12:24.416800','/companies/{id}','GET','COMPANY','Lấy Company theo id'),(21,'2025-07-16 15:12:41.177553','admin@gmail.com','admin@gmail.com','2025-07-16 15:12:41.177553','/companies/{id}','DELETE','COMPANY','Xóa company theo id'),(22,'2025-07-16 15:39:51.862610','admin@gmail.com','admin@gmail.com','2025-07-16 15:39:51.862610','/jobs','POST','JOB','Tạo Job'),(23,'2025-07-16 15:40:06.363460','admin@gmail.com','admin@gmail.com','2025-07-16 15:40:06.363460','/jobs/{id}','GET','JOB','Lấy Job theo id'),(24,'2025-07-16 15:40:35.401656','admin@gmail.com','admin@gmail.com','2025-07-16 15:40:35.401656','/jobs/{id}','PUT','JOB','Cập nhật Job theo id'),(25,'2025-07-16 15:40:57.210567','admin@gmail.com','admin@gmail.com','2025-07-16 15:40:57.210567','/jobs','GET','JOB','Lấy danh sách Job'),(26,'2025-07-16 15:43:05.626459','admin@gmail.com','admin@gmail.com','2025-07-16 15:43:05.626459','/jobs/companies/{id}','GET','JOB','Lấy Job theo Company'),(27,'2025-07-16 15:43:19.754552','admin@gmail.com','admin@gmail.com','2025-07-16 15:44:30.308328','/jobs/{id}','DELETE','JOB','Xóa Job theo id'),(28,'2025-07-21 08:07:39.463893','admin@gmail.com','admin@gmail.com','2025-07-21 08:07:39.463893','/resumes','POST','RESUME','Tạo resume'),(29,'2025-07-21 08:08:36.730444','admin@gmail.com','admin@gmail.com','2025-07-22 03:09:44.361581','/resumes/me','GET','RESUME','Lấy resume của người dùng hiện tại'),(30,'2025-07-21 08:09:08.882486','admin@gmail.com','admin@gmail.com','2025-07-22 03:21:56.318770','/resumes/me/jobs/{jobId}','DELETE','RESUME','Xóa resume theo job id của người dùng hiện tại'),(31,'2025-07-21 08:10:06.631883','admin@gmail.com','admin@gmail.com','2025-07-22 03:53:03.215508','/resumes/me/file/{id}','PUT','RESUME','Cập nhật file resume của người dùng hiện tại'),(32,'2025-07-21 08:10:41.125882','admin@gmail.com','admin@gmail.com','2025-07-21 08:10:41.125882','/resumes/file/{id}','GET','RESUME','Lấy file resume'),(33,'2025-07-21 08:11:13.003269','admin@gmail.com','admin@gmail.com','2025-07-21 08:11:13.003269','/resumes','GET','RESUME','Lấy danh sách resume'),(34,'2025-07-21 08:11:42.249902','admin@gmail.com','admin@gmail.com','2025-07-21 08:11:42.249902','/resumes/status','PUT','RESUME','Cập nhật trạng thái resume'),(35,'2025-07-21 09:09:09.460882','admin@gmail.com','admin@gmail.com','2025-07-21 09:09:09.460882','/roles','POST','ACCESS-CONTROLLER','Tạo Role'),(36,'2025-07-21 09:09:26.844223','admin@gmail.com','admin@gmail.com','2025-07-21 09:09:26.844223','/roles/{id}','PUT','ACCESS-CONTROLLER','Cập nhật Role'),(37,'2025-07-21 09:09:38.630954','admin@gmail.com','admin@gmail.com','2025-07-21 09:09:38.630954','/roles','GET','ACCESS-CONTROLLER','Lấy danh sách Role'),(38,'2025-07-21 09:09:51.814997','admin@gmail.com','admin@gmail.com','2025-07-21 09:09:51.814997','/roles/{id}','DELETE','ACCESS-CONTROLLER','Xóa Role theo id'),(39,'2025-07-21 10:00:44.434484','admin@gmail.com','admin@gmail.com','2025-07-21 10:01:06.874982','/permissions/*','GET','ACCESS-CONTROLLER','Thao tác quyền hạn'),(40,'2025-07-21 10:02:18.773023','admin@gmail.com','admin@gmail.com','2025-07-21 10:02:18.773023','/admin/dashboard/stats','GET','ACCESS-CONTROLLER','Truy cập trang Admin'),(41,'2025-07-22 05:11:07.569975','admin@gmail.com','admin@gmail.com','2025-07-22 05:11:07.569975','/resumes/company','GET','RESUME','Lấy danh sách resume theo company của người dùng hiện tại'),(42,'2025-07-22 05:49:21.891262','admin@gmail.com','admin@gmail.com','2025-07-22 05:49:21.891262','/resumes/company/status','PUT','RESUME','Cập nhật trạng thái resume theo company của người dùng hiện tại'),(43,'2025-07-22 09:00:45.719100','admin@gmail.com','admin@gmail.com','2025-07-22 09:00:45.719100','/jobs/company','GET','JOB','Lấy danh sách Job theo company của người dùng hiện tại'),(44,'2025-07-22 10:16:14.677636','admin@gmail.com','admin@gmail.com','2025-07-22 10:16:14.677636','/jobs/company/{id}','DELETE','JOB','Xóa Job theo id thuộc company của người dùng hiện tại'),(45,'2025-07-22 11:16:23.496262','admin@gmail.com','admin@gmail.com','2025-07-22 11:16:23.496262','/jobs/company','POST','JOB','Tạo Job thuộc company của người dùng hiện tại'),(46,'2025-07-22 11:41:31.524130','admin@gmail.com','admin@gmail.com','2025-07-22 11:41:31.524130','/jobs/company/{id}','PUT','JOB','Cập nhật Job theo id thuộc company của người dùng hiện tại'),(47,'2025-07-22 13:42:12.936877','admin@gmail.com','admin@gmail.com','2025-07-22 13:42:12.936877','/companies/me','GET','COMPANY','Lấy Company theo người dùng hiện tại'),(48,'2025-07-22 14:13:28.808892','admin@gmail.com','admin@gmail.com','2025-07-22 14:13:28.808892','/companies/me','PUT','COMPANY','Cập nhật Company của người dùng hiện tại'),(49,'2025-07-22 14:24:58.633574','admin@gmail.com','admin@gmail.com','2025-07-22 14:24:58.633574','/recruiter','GET','ACCESS-CONTROLLER','Truy cập trang Recruiter'),(50,'2025-07-23 11:21:20.813320','admin@gmail.com','admin@gmail.com','2025-07-23 11:21:20.813320','/companies/me','POST','COMPANY','Tạo Company cho người dùng hiện tại'),(51,'2025-07-23 13:16:19.196193','admin@gmail.com','admin@gmail.com','2025-07-23 13:16:19.196193','/companies/me/users','GET','COMPANY','Lấy danh sách users recruiter của người dùng hiện tại'),(52,'2025-07-23 13:48:04.623081','admin@gmail.com','admin@gmail.com','2025-07-23 13:48:04.623081','/companies/me/users','POST','COMPANY','Thêm người dùng khác vào company của người dùng hiện tại'),(53,'2025-07-23 14:07:45.408798','admin@gmail.com','admin@gmail.com','2025-07-23 14:22:50.243716','/companies/me/users','PUT','COMPANY','Loại bỏ người dùng khác khỏi company của người dùng hiện tại'),(54,'2025-07-24 05:22:00.893513','admin@gmail.com','admin@gmail.com','2025-07-24 05:22:00.893513','/subscribers/me','POST','SUBSCRIBER','Tạo subscriber cho người dùng hiện tại'),(55,'2025-07-24 05:22:58.606915','admin@gmail.com','admin@gmail.com','2025-07-24 05:22:58.606915','/subscribers/me','GET','SUBSCRIBER','Lấy subscriber cho người dùng hiện tại'),(56,'2025-07-24 05:23:13.620716','admin@gmail.com','admin@gmail.com','2025-07-24 05:23:13.620716','/subscribers/me','PUT','SUBSCRIBER','Cập nhật subscriber cho người dùng hiện tại'),(57,'2025-07-24 05:23:26.077917','admin@gmail.com','admin@gmail.com','2025-07-24 05:23:26.077917','/subscribers/me','DELETE','SUBSCRIBER','Xóa subscriber cho người dùng hiện tại'),(58,'2025-10-22 04:00:53.000000','admin@gmail.com','admin@gmail.com','2025-07-24 05:23:26.077917','/chat-message','POST','AI Chat','Sử dụng AI gemini Flash 2.0'),(59,'2025-10-26 22:04:54.000000','admin@gmail.com','admin@gmail.com','2025-10-26 22:04:54.000000','/chat-history','GET','AI Chat','Xem lịch sử chat'),(60,'2025-10-26 22:04:54.000000','admin@gmail.com','admin@gmail.com','2025-10-26 22:04:54.000000','/chat-history','DELETE','AI Chat','Xóa lịch sử chat'),(61,'2025-10-26 22:04:54.000000','admin@gmail.com','admin@gmail.com','2025-10-26 22:04:54.000000','/chat-sessions','GET','AI Chat','Lấy danh sách phiên chat'),(62,'2025-10-26 22:04:54.000000','admin@gmail.com','admin@gmail.com','2025-10-26 22:04:54.000000','/chat-session','GET','AI Chat','Xem thông tin phiên chat'),(63,'2025-10-26 22:04:54.000000','admin@gmail.com','admin@gmail.com','2025-10-26 22:04:54.000000','/chat-sessions','POST','AI Chat','Lấy sessionID');
/*!40000 ALTER TABLE `permissions` ENABLE KEYS */;
UNLOCK TABLES;

--
-- Table structure for table `resumes`
--

DROP TABLE IF EXISTS `resumes`;
/*!40101 SET @saved_cs_client     = @@character_set_client */;
/*!50503 SET character_set_client = utf8mb4 */;
CREATE TABLE `resumes` (
  `id` bigint NOT NULL AUTO_INCREMENT,
  `created_at` datetime(6) DEFAULT NULL,
  `created_by` varchar(255) DEFAULT NULL,
  `modified_by` varchar(255) DEFAULT NULL,
  `updated_at` datetime(6) DEFAULT NULL,
  `email` varchar(255) DEFAULT NULL,
  `file_key` varchar(255) DEFAULT NULL,
  `status` enum('APPROVED','PENDING','REJECTED','REVIEWING') DEFAULT NULL,
  `version` bigint DEFAULT NULL,
  `job_id` bigint DEFAULT NULL,
  `user_id` bigint DEFAULT NULL,
  PRIMARY KEY (`id`),
  KEY `FKjdec9qbp2blbpag6obwf0fmbd` (`job_id`),
  KEY `FK340nuaivxiy99hslr3sdydfvv` (`user_id`),
  CONSTRAINT `FK340nuaivxiy99hslr3sdydfvv` FOREIGN KEY (`user_id`) REFERENCES `users` (`id`),
  CONSTRAINT `FKjdec9qbp2blbpag6obwf0fmbd` FOREIGN KEY (`job_id`) REFERENCES `jobs` (`id`)
) ENGINE=InnoDB AUTO_INCREMENT=7 DEFAULT CHARSET=utf8mb4 COLLATE=utf8mb4_0900_ai_ci;
/*!40101 SET character_set_client = @saved_cs_client */;

--
-- Dumping data for table `resumes`
--

LOCK TABLES `resumes` WRITE;
/*!40000 ALTER TABLE `resumes` DISABLE KEYS */;
INSERT INTO `resumes` VALUES (1,'2025-11-06 07:43:57.978978','an01639419125@gmail.com','admin@gmail.com','2025-12-04 04:33:19.247391','an01639419125@gmail.com','resume/an01639419125_gmail_com/resume-1-1.pdf','REVIEWING',1,32,3),(2,'2025-11-13 15:11:00.306294','an01639419125@gmail.com','admin@gmail.com','2025-11-30 01:52:27.858298','an01639419125@gmail.com','resume/an01639419125_gmail_com/resume-2-1.pdf','REVIEWING',1,27,3),(4,'2025-11-30 00:06:46.418445','an01639419125@gmail.com','admin@gmail.com','2025-11-30 00:07:33.995231','an01639419125@gmail.com','resume/an01639419125_gmail_com/resume-4-1.pdf','APPROVED',1,34,3),(5,'2025-11-30 01:54:25.375611','admin@gmail.com','admin@gmail.com','2025-11-30 01:54:25.926300','admin@gmail.com','resume/admin_gmail_com/resume-5-1.pdf','PENDING',1,29,7),(6,'2025-12-15 00:37:40.457083','admin@gmail.com','admin@gmail.com','2025-12-15 00:37:41.102023','admin@gmail.com','resume/admin_gmail_com/resume-6-1.pdf','PENDING',1,27,7);
/*!40000 ALTER TABLE `resumes` ENABLE KEYS */;
UNLOCK TABLES;

--
-- Table structure for table `roles`
--

DROP TABLE IF EXISTS `roles`;
/*!40101 SET @saved_cs_client     = @@character_set_client */;
/*!50503 SET character_set_client = utf8mb4 */;
CREATE TABLE `roles` (
  `id` bigint NOT NULL AUTO_INCREMENT,
  `created_at` datetime(6) DEFAULT NULL,
  `created_by` varchar(255) DEFAULT NULL,
  `modified_by` varchar(255) DEFAULT NULL,
  `updated_at` datetime(6) DEFAULT NULL,
  `active` bit(1) NOT NULL,
  `description` varchar(255) NOT NULL,
  `name` varchar(255) NOT NULL,
  PRIMARY KEY (`id`),
  UNIQUE KEY `UKofx66keruapi6vyqpv6f2or37` (`name`)
) ENGINE=InnoDB AUTO_INCREMENT=8 DEFAULT CHARSET=utf8mb4 COLLATE=utf8mb4_0900_ai_ci;
/*!40101 SET character_set_client = @saved_cs_client */;

--
-- Dumping data for table `roles`
--

LOCK TABLES `roles` WRITE;
/*!40000 ALTER TABLE `roles` DISABLE KEYS */;
INSERT INTO `roles` VALUES (3,'2025-10-18 15:40:07.000000','admin@gmail.com','admin@gmail.com','2025-10-18 15:40:07.000000',_binary '','Chức vụ quản trị toàn bộ hệ thống','ADMIN'),(5,'2025-10-18 15:40:07.000000','admin@gmail.com','admin@gmail.com','2025-11-29 12:05:37.890695',_binary '','Người dùng bình thường, được cấp quyền tối thiểu','USER'),(7,'2025-10-18 15:40:07.000000','admin@gmail.com','admin@gmail.com','2025-10-18 15:40:07.000000',_binary '','Nhà tuyển dụng, có thể truy cập trang quản lý tuyển dụng','RECRUITER');
/*!40000 ALTER TABLE `roles` ENABLE KEYS */;
UNLOCK TABLES;

--
-- Table structure for table `roles_permissions`
--

DROP TABLE IF EXISTS `roles_permissions`;
/*!40101 SET @saved_cs_client     = @@character_set_client */;
/*!50503 SET character_set_client = utf8mb4 */;
CREATE TABLE `roles_permissions` (
  `role_id` bigint NOT NULL,
  `permission_id` bigint NOT NULL,
  PRIMARY KEY (`role_id`,`permission_id`),
  KEY `FKbx9r9uw77p58gsq4mus0mec0o` (`permission_id`),
  CONSTRAINT `FKbx9r9uw77p58gsq4mus0mec0o` FOREIGN KEY (`permission_id`) REFERENCES `permissions` (`id`),
  CONSTRAINT `FKqi9odri6c1o81vjox54eedwyh` FOREIGN KEY (`role_id`) REFERENCES `roles` (`id`)
) ENGINE=InnoDB DEFAULT CHARSET=utf8mb4 COLLATE=utf8mb4_0900_ai_ci;
/*!40101 SET character_set_client = @saved_cs_client */;

--
-- Dumping data for table `roles_permissions`
--

LOCK TABLES `roles_permissions` WRITE;
/*!40000 ALTER TABLE `roles_permissions` DISABLE KEYS */;
INSERT INTO `roles_permissions` VALUES (3,6),(3,7),(3,8),(3,9),(3,10),(3,11),(7,11),(3,12),(5,12),(7,12),(3,13),(5,13),(7,13),(3,14),(7,14),(3,15),(3,16),(3,17),(3,18),(5,18),(7,18),(3,19),(5,19),(7,19),(3,20),(5,20),(7,20),(3,21),(3,22),(3,23),(5,23),(7,23),(3,24),(3,25),(5,25),(7,25),(3,26),(5,26),(7,26),(3,27),(3,28),(5,28),(3,29),(5,29),(3,30),(5,30),(3,31),(5,31),(3,32),(3,33),(3,34),(7,34),(3,35),(3,36),(3,37),(3,38),(3,39),(3,40),(3,41),(7,41),(3,42),(7,42),(3,43),(7,43),(3,44),(7,44),(3,45),(7,45),(3,46),(7,46),(3,47),(7,47),(3,48),(7,48),(3,49),(7,49),(3,50),(7,50),(3,51),(7,51),(3,52),(7,52),(3,53),(7,53),(3,54),(5,54),(7,54),(3,55),(5,55),(7,55),(3,56),(5,56),(7,56),(3,57),(5,57),(7,57),(3,58),(5,58),(7,58),(3,59),(5,59),(7,59),(3,60),(5,60),(7,60),(3,61),(5,61),(7,61),(3,62),(5,62),(7,62),(3,63),(5,63),(7,63);
/*!40000 ALTER TABLE `roles_permissions` ENABLE KEYS */;
UNLOCK TABLES;

--
-- Table structure for table `skills`
--

DROP TABLE IF EXISTS `skills`;
/*!40101 SET @saved_cs_client     = @@character_set_client */;
/*!50503 SET character_set_client = utf8mb4 */;
CREATE TABLE `skills` (
  `id` bigint NOT NULL AUTO_INCREMENT,
  `created_at` datetime(6) DEFAULT NULL,
  `created_by` varchar(255) DEFAULT NULL,
  `modified_by` varchar(255) DEFAULT NULL,
  `updated_at` datetime(6) DEFAULT NULL,
  `name` varchar(255) DEFAULT NULL,
  PRIMARY KEY (`id`),
  UNIQUE KEY `UK85woe63nu9klkk9fa73vf0jd0` (`name`)
) ENGINE=InnoDB AUTO_INCREMENT=44 DEFAULT CHARSET=utf8mb4 COLLATE=utf8mb4_0900_ai_ci;
/*!40101 SET character_set_client = @saved_cs_client */;

--
-- Dumping data for table `skills`
--

LOCK TABLES `skills` WRITE;
/*!40000 ALTER TABLE `skills` DISABLE KEYS */;
INSERT INTO `skills` VALUES (1,'2025-10-21 20:46:39.000000','system/admin','system/admin','2025-10-21 20:46:39.000000','React.js'),(2,'2025-10-21 20:46:39.000000','system/admin','system/admin','2025-10-21 20:46:39.000000','Spring Boot'),(3,'2025-10-21 20:46:39.000000','system/admin','system/admin','2025-10-21 20:46:39.000000','Cloud Computing (AWS/Azure/GCP)'),(4,'2025-10-21 20:46:39.000000','system/admin','system/admin','2025-10-21 20:46:39.000000','DevOps (Docker, Kubernetes, CI/CD)'),(5,'2025-10-21 20:46:39.000000','system/admin','system/admin','2025-10-21 20:46:39.000000','C++ / Embedded Systems'),(6,'2025-10-21 20:46:39.000000','system/admin','system/admin','2025-10-21 20:46:39.000000','Tester / Quality Assurance (QA)'),(7,'2025-10-21 20:46:39.000000','system/admin','system/admin','2025-10-21 20:46:39.000000','Product Manager'),(8,'2025-10-21 20:46:39.000000','system/admin','system/admin','2025-10-21 20:46:39.000000','iOS/Android Mobile Development'),(9,'2025-10-21 20:46:39.000000','system/admin','system/admin','2025-10-21 20:46:39.000000','Machine Learning / Deep Learning'),(10,'2025-10-21 20:46:39.000000','system/admin','system/admin','2025-10-21 20:46:39.000000','Scrum Master / Agile'),(11,'2025-06-29 05:16:24.115730','admin@gmail.com','admin@gmail.com','2025-06-29 05:16:24.115730','.NET Developer'),(12,'2025-06-29 05:16:34.643666','admin@gmail.com','admin@gmail.com','2025-06-29 05:16:34.643666','Back End Developer'),(13,'2025-06-29 05:17:36.489759','admin@gmail.com','admin@gmail.com','2025-06-29 05:17:36.489759','Business Analysis'),(14,'2025-06-29 05:17:42.737695','admin@gmail.com','admin@gmail.com','2025-06-29 05:17:42.737695','Front End Developer'),(15,'2025-06-29 05:17:48.955935','admin@gmail.com','admin@gmail.com','2025-06-29 05:17:48.955935','Full Stack Web Developer'),(16,'2025-06-29 05:17:54.470633','admin@gmail.com','admin@gmail.com','2025-06-29 05:17:54.470633','Leadership'),(17,'2025-06-29 05:18:00.117650','admin@gmail.com','admin@gmail.com','2025-06-29 05:18:00.117650','PHP Developer'),(18,'2025-06-29 05:18:16.764668','admin@gmail.com','admin@gmail.com','2025-06-29 05:18:16.764668','Bridge Project Management'),(19,'2025-06-29 05:18:26.786306','admin@gmail.com','admin@gmail.com','2025-06-29 05:18:26.786306','Google Cloud SQL'),(20,'2025-06-29 12:13:12.884080','admin@gmail.com','admin@gmail.com','2025-06-29 12:13:12.884080','Full-Stack Developer (React.JS/Node.js)'),(21,'2025-06-30 04:21:22.376092','admin@gmail.com','admin@gmail.com','2025-06-30 04:21:22.376092','System Admin'),(22,'2025-06-30 04:21:37.143414','admin@gmail.com','admin@gmail.com','2025-06-30 04:21:37.143414','Linux'),(23,'2025-06-30 04:21:40.901658','admin@gmail.com','admin@gmail.com','2025-06-30 04:21:40.901658','Orcale'),(24,'2025-06-30 04:21:47.077534','admin@gmail.com','admin@gmail.com','2025-06-30 04:21:47.077534','Unix'),(25,'2025-06-30 04:21:51.542289','admin@gmail.com','admin@gmail.com','2025-06-30 04:21:51.542289','Middleware'),(26,'2025-06-30 04:27:36.308345','admin@gmail.com','admin@gmail.com','2025-06-30 04:27:36.308345','Security'),(27,'2025-06-30 04:28:26.792783','admin@gmail.com','admin@gmail.com','2025-06-30 04:28:26.792783','Cloud-native Architecture'),(28,'2025-06-30 04:28:35.175763','admin@gmail.com','admin@gmail.com','2025-06-30 04:28:35.175763','SIEM'),(29,'2025-06-30 04:28:39.748945','admin@gmail.com','admin@gmail.com','2025-06-30 04:28:39.748945','SOAR'),(30,'2025-06-30 04:35:44.200650','admin@gmail.com','admin@gmail.com','2025-06-30 04:35:44.200650','MongoDB'),(31,'2025-06-30 04:35:49.206862','admin@gmail.com','admin@gmail.com','2025-06-30 04:35:49.206862','Spark'),(32,'2025-06-30 04:36:36.363795','admin@gmail.com','admin@gmail.com','2025-06-30 04:36:36.363795','PostgreSQL'),(33,'2025-06-30 04:36:50.921844','admin@gmail.com','admin@gmail.com','2025-06-30 04:36:50.921844','Data Engineer'),(34,'2025-06-30 04:40:10.672344','admin@gmail.com','admin@gmail.com','2025-06-30 04:40:10.672344','SQL'),(35,'2025-06-30 04:40:19.529101','admin@gmail.com','admin@gmail.com','2025-06-30 04:40:19.529101','Database'),(36,'2025-06-30 04:40:34.391821','admin@gmail.com','admin@gmail.com','2025-06-30 04:40:34.391821','ETL'),(37,'2025-06-30 04:40:56.328453','admin@gmail.com','admin@gmail.com','2025-06-30 04:40:56.328453','Microsoft SQL Server'),(38,'2025-06-30 04:44:20.178975','admin@gmail.com','admin@gmail.com','2025-06-30 04:44:20.178975','UI-UX'),(39,'2025-06-30 04:44:30.264241','admin@gmail.com','admin@gmail.com','2025-06-30 04:44:30.264241','User diagram'),(40,'2025-06-30 04:44:36.214124','admin@gmail.com','admin@gmail.com','2025-06-30 04:44:36.214124','AI'),(41,'2025-06-30 04:44:39.241681','admin@gmail.com','admin@gmail.com','2025-06-30 04:44:39.241681','Figma'),(42,'2025-07-02 04:12:42.893819','admin@gmail.com','admin@gmail.com','2025-07-02 04:12:42.893819','Python'),(43,'2025-07-24 09:23:38.793411','admin@gmail.com','admin@gmail.com','2025-07-24 09:23:38.793411','Java');
/*!40000 ALTER TABLE `skills` ENABLE KEYS */;
UNLOCK TABLES;

--
-- Table structure for table `subscriber_skills`
--

DROP TABLE IF EXISTS `subscriber_skills`;
/*!40101 SET @saved_cs_client     = @@character_set_client */;
/*!50503 SET character_set_client = utf8mb4 */;
CREATE TABLE `subscriber_skills` (
  `subscriber_id` bigint NOT NULL,
  `skill_id` bigint NOT NULL,
  KEY `FKhxf6u96wfokxsw8ygf3e9lqiv` (`skill_id`),
  KEY `FKnqlrhhuad8ep5frnpvtq70kg1` (`subscriber_id`),
  CONSTRAINT `FKhxf6u96wfokxsw8ygf3e9lqiv` FOREIGN KEY (`skill_id`) REFERENCES `skills` (`id`),
  CONSTRAINT `FKnqlrhhuad8ep5frnpvtq70kg1` FOREIGN KEY (`subscriber_id`) REFERENCES `subscribers` (`id`)
) ENGINE=InnoDB DEFAULT CHARSET=utf8mb4 COLLATE=utf8mb4_0900_ai_ci;
/*!40101 SET character_set_client = @saved_cs_client */;

--
-- Dumping data for table `subscriber_skills`
--

LOCK TABLES `subscriber_skills` WRITE;
/*!40000 ALTER TABLE `subscriber_skills` DISABLE KEYS */;
INSERT INTO `subscriber_skills` VALUES (1,3),(1,5),(1,6),(1,7),(1,13);
/*!40000 ALTER TABLE `subscriber_skills` ENABLE KEYS */;
UNLOCK TABLES;

--
-- Table structure for table `subscribers`
--

DROP TABLE IF EXISTS `subscribers`;
/*!40101 SET @saved_cs_client     = @@character_set_client */;
/*!50503 SET character_set_client = utf8mb4 */;
CREATE TABLE `subscribers` (
  `id` bigint NOT NULL AUTO_INCREMENT,
  `email` varchar(255) DEFAULT NULL,
  PRIMARY KEY (`id`)
) ENGINE=InnoDB AUTO_INCREMENT=2 DEFAULT CHARSET=utf8mb4 COLLATE=utf8mb4_0900_ai_ci;
/*!40101 SET character_set_client = @saved_cs_client */;

--
-- Dumping data for table `subscribers`
--

LOCK TABLES `subscribers` WRITE;
/*!40000 ALTER TABLE `subscribers` DISABLE KEYS */;
INSERT INTO `subscribers` VALUES (1,'an01639419125@gmail.com');
/*!40000 ALTER TABLE `subscribers` ENABLE KEYS */;
UNLOCK TABLES;

--
-- Table structure for table `users`
--

DROP TABLE IF EXISTS `users`;
/*!40101 SET @saved_cs_client     = @@character_set_client */;
/*!50503 SET character_set_client = utf8mb4 */;
CREATE TABLE `users` (
  `id` bigint NOT NULL AUTO_INCREMENT,
  `created_at` datetime(6) DEFAULT NULL,
  `created_by` varchar(255) DEFAULT NULL,
  `modified_by` varchar(255) DEFAULT NULL,
  `updated_at` datetime(6) DEFAULT NULL,
  `address` varchar(255) DEFAULT NULL,
  `dob` date DEFAULT NULL,
  `email` varchar(255) NOT NULL,
  `gender` enum('FEMALE','MALE','OTHER') DEFAULT NULL,
  `logo_url` varchar(255) DEFAULT NULL,
  `name` varchar(255) NOT NULL,
  `password` varchar(255) NOT NULL,
  `company_id` bigint DEFAULT NULL,
  `role_id` bigint DEFAULT NULL,
  PRIMARY KEY (`id`),
  UNIQUE KEY `UK6dotkott2kjsp8vw4d0m25fb7` (`email`),
  KEY `FKin8gn4o1hpiwe6qe4ey7ykwq7` (`company_id`),
  KEY `FKp56c1712k691lhsyewcssf40f` (`role_id`),
  CONSTRAINT `FKin8gn4o1hpiwe6qe4ey7ykwq7` FOREIGN KEY (`company_id`) REFERENCES `companies` (`id`),
  CONSTRAINT `FKp56c1712k691lhsyewcssf40f` FOREIGN KEY (`role_id`) REFERENCES `roles` (`id`)
) ENGINE=InnoDB AUTO_INCREMENT=34 DEFAULT CHARSET=utf8mb4 COLLATE=utf8mb4_0900_ai_ci;
/*!40101 SET character_set_client = @saved_cs_client */;

--
-- Dumping data for table `users`
--

LOCK TABLES `users` WRITE;
/*!40000 ALTER TABLE `users` DISABLE KEYS */;
INSERT INTO `users` VALUES (2,'2025-10-19 13:04:03.411581','anonymousUser','anonymousUser','2025-10-19 13:04:03.411581','123 Hanoi, Vietnam','1990-05-15','nguyenvananh@example.com','MALE',NULL,'Nguyen Van A','$2a$10$YGxmG/1W9cE14zdRGAUQ6OLPpGWtgAAc9/gtd9LgjaEPEoDFL1v.C',NULL,5),(3,'2025-10-19 13:13:40.782395','anonymousUser','an01639419125@gmail.com','2025-11-25 14:05:13.007995','123 Hanoi, Vietnam','2002-05-15','an01639419125@gmail.com','MALE',NULL,'Trần AN','$2a$10$EUnsfqFgodnGXc8DDXX0pOo1iqxdPVWKtaIAVYtZH1Zc1USEacjNu',NULL,5),(7,NULL,NULL,'admin@gmail.com','2025-11-25 13:38:45.554394','Hà Nội','2003-02-25','admin@gmail.com','MALE',NULL,'ADMIN','$2a$10$BYbZRlqTUA1RTKpG6QXlg.zuJqrV5cQcy7VP9fFg8WYJo9aygzEXa',48,3),(9,'2025-10-22 04:27:20.000000','system','system','2025-10-22 04:27:20.000000','Hà Nội','2003-02-25','admin9@gmail.com','MALE',NULL,'ADMIN 9','$2a$10$jO.qF9S8R5Y6.r5zW6yA/DqR/N8wN/jO.2yQ1.hK2vN3xU.zL.e.d.',NULL,5),(10,'2025-10-22 04:27:20.000000','system','system','2025-10-22 04:27:20.000000','Hà Nội','2003-02-25','admin10@gmail.com','MALE',NULL,'ADMIN 10','$2a$10$vQ.wG.x8L4P3.q2yS8zB/EwT/O1uO/vX8G.k.r2eF2vU.wX.f.a.b.',NULL,5),(11,'2025-10-22 04:27:20.000000','system','system','2025-10-22 04:27:20.000000','Hà Nội','2003-02-25','admin11@gmail.com','MALE',NULL,'ADMIN 11','$2a$10$uW.sH.y9P6R4.o3zT9aC/FxU/P2vP/yY9H.l.s3gF3wV.yY.g.c.a.',NULL,5),(12,'2025-10-22 04:27:20.000000','system','system','2025-10-22 04:27:20.000000','Hà Nội','2003-02-25','admin12@gmail.com','MALE',NULL,'ADMIN 12','$2a$10$xZ.tI.z0Q7S5.p4aU0bE/GyV/Q3wQ/zZ0J.m.t4hH4xW.zZ.h.d.b.',NULL,5),(13,'2025-10-22 04:27:20.000000','system','system','2025-10-22 04:27:20.000000','Hà Nội','2003-02-25','admin13@gmail.com','MALE',NULL,'ADMIN 13','$2a$10$yA.uJ.a1R8T6.q5bV1cD/HzW/R4xR/aA1K.n.u5iI5yX.aA.i.e.c.',NULL,5),(14,'2025-10-22 04:27:20.000000','system','system','2025-10-22 04:27:20.000000','Hà Nội','2003-02-25','admin14@gmail.com','MALE',NULL,'ADMIN 14','$2a$10$zB.vK.b2S9U7.r6cW2dF/I0X/S5yS/bB2L.o.v6jJ6zY.bB.j.f.d.',NULL,5),(15,'2025-10-22 04:27:20.000000','system','system','2025-10-22 04:27:20.000000','Hà Nội','2003-02-25','admin15@gmail.com','MALE',NULL,'ADMIN 15','$2a$10$aC.wL.c3T0V8.s7dV3eG/J1Y/T6zT/cC3M.p.w7kK70Z.cC.k.g.e.',NULL,5),(16,'2025-10-22 04:27:20.000000','system','system','2025-10-22 04:27:20.000000','Hà Nội','2003-02-25','admin16@gmail.com','MALE',NULL,'ADMIN 16','$2a$10$bD.xM.d4U1W9.t8eX4fH/K2Z/U7aU/dD4N.q.x8lM81A.dD.l.h.f.',NULL,5),(17,'2025-10-22 04:27:20.000000','system','system','2025-10-22 04:27:20.000000','Hà Nội','2003-02-25','admin17@gmail.com','MALE',NULL,'ADMIN 17','$2a$10$cE.yN.e5V2X0.u9fY5gI/L3A/V8bV/eE5O.r.y9nN92B.eE.m.i.g.',NULL,5),(18,'2025-10-22 04:27:20.000000','system','system','2025-10-22 04:27:20.000000','Hà Nội','2003-02-25','admin18@gmail.com','MALE',NULL,'ADMIN 18','$2a$10$dF.zO.f6W3Y1.v0gZ6hJ/M4B/W9cW/fF6P.s.z0oO03C.fF.n.j.h.',NULL,5),(19,'2025-10-22 04:27:20.000000','system','system','2025-10-22 04:27:20.000000','Hà Nội','2003-02-25','admin19@gmail.com','MALE',NULL,'ADMIN 19','$2a$10$eG.aP.g7X4Z2.w1hA7iK/N5C/X0dX/gG7Q.t.a1pP14D.gG.o.k.i.',NULL,5),(20,'2025-10-22 04:27:20.000000','system','system','2025-10-22 04:27:20.000000','Hà Nội','2003-02-25','admin20@gmail.com','MALE',NULL,'ADMIN 20','$2a$10$fH.bQ.h8Y5A3.x2iB8jL/O6D/Y1eY/hH8R.u.b2qQ25E.hH.p.l.j.',NULL,5),(21,'2025-10-22 04:27:20.000000','system','system','2025-10-22 04:27:20.000000','Hà Nội','2003-02-25','admin21@gmail.com','MALE',NULL,'ADMIN 21','$2a$10$iI.cP.i9Z6B4.y3jC9kM/P7E/Z2fZ/iI9S.v.c3rR36F.iI.q.m.k.',NULL,5),(22,'2025-10-22 04:27:20.000000','system','system','2025-10-22 04:27:20.000000','Hà Nội','2003-02-25','admin22@gmail.com','MALE',NULL,'ADMIN 22','$2a$10$jJ.dQ.j0A7C5.z4kD0lN/Q8F/a3gA/jJ0T.w.d4sS47G.jJ.r.n.l.',NULL,5),(23,'2025-10-22 04:27:20.000000','system','system','2025-10-22 04:27:20.000000','Hà Nội','2003-02-25','admin23@gmail.com','MALE',NULL,'ADMIN 23','$2a$10$kK.eR.k1B8D6.a5lE1mO/R9G/b4hB/kK1U.x.e5tT58H.kK.s.o.m.',NULL,5),(24,'2025-10-22 04:27:20.000000','system','system','2025-10-22 04:27:20.000000','Hà Nội','2003-02-25','admin24@gmail.com','MALE',NULL,'ADMIN 24','$2a$10$lL.fS.l2C9E7.b6mF2nP/S0H/c5iC/lL2V.y.f6uU69I.lL.t.p.n.',NULL,5),(25,'2025-10-22 04:27:20.000000','system','system','2025-10-22 04:27:20.000000','Hà Nội','2003-02-25','admin25@gmail.com','MALE',NULL,'ADMIN 25','$2a$10$mM.gT.m3D0F8.c7nF3oQ/T1I/d6jD/mM3W.z.g7vV70J.mM.u.q.o.',NULL,5),(26,'2025-10-22 04:27:20.000000','system','system','2025-10-22 04:27:20.000000','Hà Nội','2003-02-25','admin26@gmail.com','MALE',NULL,'ADMIN 26','$2a$10$nN.hU.n4E1G9.d8oG4pR/U2J/e7kE/nN4X.A.h8wW81K.nN.v.r.p.',NULL,5),(27,'2025-10-22 04:27:20.000000','system','system','2025-10-22 04:27:20.000000','Hà Nội','2003-02-25','admin27@gmail.com','MALE',NULL,'ADMIN 27','$2a$10$oO.iV.o5F2H0.e9pI5qS/V3K/f8lF/oO5Y.B.i9xX92L.oO.w.s.q.',NULL,5),(28,'2025-11-06 07:39:17.888524','anonymousUser','an01862698420@gmail.com','2025-11-06 07:41:53.918653','Hà Nội','2002-11-05','an01862698420@gmail.com','MALE',NULL,'AN hr','$2a$10$1nkTPcex/n/8wj9lV1oYqe6XEoC3QlfYO8fAiMhObP.Zj3dL5X7k.',45,7),(29,'2025-11-11 14:09:01.755402','anonymousUser','anonymousUser','2025-11-11 14:09:01.755402','123 Hanoi, Vietnam','2002-05-15','212an6611@gmail.com','MALE',NULL,'Trần AN','$2a$10$83BvHUovbPULB2buslqPJ.9av63EHmktNE5dBtsW1NGmM2jKOLGsu',NULL,5),(30,'2025-11-18 06:38:59.195119','anonymousUser','an08626984220@gmail.com','2025-11-18 06:39:52.195080','Hà Nội','2002-02-22','an08626984220@gmail.com','MALE',NULL,'Tran An','$2a$10$qUEnTKbwoNTKsIWsUWDu0e7gq7aMBBBwQPFeFsrg0QextVriuPWK6',47,7),(31,'2025-11-25 14:06:10.039065','anonymousUser','anonymousUser','2025-12-04 04:31:31.319822','Hà Nội','2002-11-20','an0862698420@gmail.com','MALE',NULL,'Tran An','$2a$10$JOXllRCDhWfum3GkqaL0x.YgYsm4hzZ49MqHyHHrk7kd9juqm4jsO',NULL,5),(32,'2025-11-29 12:03:53.098613','admin@gmail.com','admin@gmail.com','2025-11-29 12:03:53.098613','Hà Nội','2001-12-02','ad1212min@gmail.com','MALE',NULL,'Trần An','$2a$10$mqz1YFYh/V54..j/YEiQfOqiYIdPlPcUDI6AuJkrhltsLWV0VJv4q',NULL,NULL),(33,'2025-11-30 00:02:06.394185','admin@gmail.com','admin@gmail.com','2025-11-30 00:02:29.625127','Admin Address 111','2004-02-02','admin1111@gmail.com','FEMALE',NULL,'admin1111','$2a$10$fJSAN3pkwR4.g65648.4Heuq9WRo5PlEKbX8vGeprv/IufgS4SLWm',NULL,5);
/*!40000 ALTER TABLE `users` ENABLE KEYS */;
UNLOCK TABLES;
/*!40103 SET TIME_ZONE=@OLD_TIME_ZONE */;

/*!40101 SET SQL_MODE=@OLD_SQL_MODE */;
/*!40014 SET FOREIGN_KEY_CHECKS=@OLD_FOREIGN_KEY_CHECKS */;
/*!40014 SET UNIQUE_CHECKS=@OLD_UNIQUE_CHECKS */;
/*!40101 SET CHARACTER_SET_CLIENT=@OLD_CHARACTER_SET_CLIENT */;
/*!40101 SET CHARACTER_SET_RESULTS=@OLD_CHARACTER_SET_RESULTS */;
/*!40101 SET COLLATION_CONNECTION=@OLD_COLLATION_CONNECTION */;
/*!40111 SET SQL_NOTES=@OLD_SQL_NOTES */;

-- Dump completed on 2025-12-16 18:32:55
